wOBA,Def,ISO+,wSB
0.52,-18.1,300,-19.3
0.493,-125.1,228,-1.6
0.481,73.9,211,-1.4
0.477,-90.7,228,-27.2
0.46,-54.2,216,-18.6
0.453,-42.5,223,-2.3
0.448,-95.6,164,0
0.447,-11.7,156,1.9
0.439,32.3,196,-0.5
0.435,-77.6,173,6
0.435,67.6,206,41.8
0.433,-58.2,210,2.7
0.432,-31.9,127,-7.1
0.43,-42.2,196,12.5
0.429,-27.8,190,-7.5
0.428,-6.1,199,-2.4
0.428,-78.1,194,21.8
0.427,-105.3,200,5.3
0.426,-49.7,143,6
0.421,-67.4,191,7.8
0.419,17.6,173,20.9
0.418,-276.6,170,-9.5
0.417,-56.9,163,-14.4
0.416,-267.4,165,-5.2
0.416,-79.9,162,-2
0.415,-138.5,217,-2.5
0.415,5.3,85,8.7
0.414,-72.9,188,-10.9
0.413,42.7,125,-8.5
0.412,-31.4,131,1.8
0.412,3.5,166,13.3
0.411,-54.2,169,-11.8
0.411,-108.4,181,13.4
0.41,-8.2,158,-10.4
0.41,-92.4,170,16.7
0.41,-26,142,-0.4
0.409,170.1,186,32.9
0.407,4.1,133,7.8
0.407,-18.9,147,2.1
0.406,93.7,116,29.7
0.406,-200,174,-7.7
0.405,-82.1,157,6
0.405,-133.5,132,-3.9
0.405,-97.7,137,-9.3
0.405,-48.8,114,8.2
0.405,105.1,122,-8.1
0.404,-0.4,140,-6.1
0.404,-45.7,168,3.6
0.404,-43.6,135,3.7
0.404,-131.5,182,15.5
0.403,-39.8,190,8.9
0.403,-78.4,118,15.8
0.403,-61.2,187,24.9
0.403,-48.7,180,-9.7
0.402,-43.2,147,-1.3
0.402,-51.2,169,10.1
0.402,-80,165,-6.8
0.402,-40.8,127,-9.4
0.402,-21.9,140,-1.3
0.401,-23.6,167,-2.6
0.4,-110,151,-6.9
0.4,-152.2,199,9.3
0.4,-119.4,138,-2.7
0.399,-35.2,142,-5.3
0.399,-28.5,130,0.5
0.399,-4.3,172,4
0.399,-32.5,112,-0.6
0.399,109.9,120,19.9
0.398,8.5,141,0.7
0.398,-30.1,142,-5.7
0.397,-35.3,141,6.2
0.397,0.8,163,-2.7
0.396,-145.5,176,-0.3
0.396,7,162,-2.4
0.396,-16.2,134,0.3
0.396,72.7,132,-8
0.395,69,160,28.4
0.395,150.7,209,-0.7
0.395,-27.7,110,-13
0.394,-17.9,136,-1.2
0.394,-58,118,-5
0.394,-18.9,132,-0.1
0.394,-223.6,150,-3.6
0.394,4.8,161,-2.1
0.393,-7.4,184,5.6
0.393,-70.3,112,13
0.393,-35.3,160,5
0.393,-154.4,156,7.7
0.393,140.7,127,-17.5
0.393,-18.9,130,6
0.393,-45.1,124,54.1
0.392,-15.5,167,1.1
0.392,-247.7,170,-5.3
0.391,-300.9,145,4
0.391,-209.1,164,-2.4
0.39,-50.4,86,-0.4
0.39,32.7,150,-6.2
0.39,-32,176,-5.7
0.39,-115,147,-7.2
0.39,-33.7,137,-0.9
0.39,-22,97,-3.7
0.39,-12.9,145,1
0.389,-75.1,120,-2.8
0.389,11.1,124,4.8
0.389,65.9,159,2.7
0.389,62.8,167,3.6
0.389,-13.6,170,-0.6
0.389,-174.5,140,-8.7
0.389,-158.9,191,-0.1
0.388,-39.2,138,2.9
0.388,-4,154,5.5
0.388,-206.6,192,-0.4
0.388,-80.8,129,0.4
0.387,19.4,129,-8
0.387,-185,199,-0.8
0.387,-67.4,143,7.1
0.387,49,137,-8.1
0.387,-11,121,-4.2
0.387,-1.1,136,15.1
0.387,-50.2,176,2.5
0.387,-136.5,147,-1.8
0.386,-47.8,139,2.6
0.386,-36.5,151,2.1
0.386,-2.1,155,2.1
0.386,-20.2,129,5.4
0.386,-45.8,157,-9
0.385,-90.9,143,9.9
0.385,82.7,155,1.3
0.385,-156.7,154,-0.8
0.385,73.3,149,-9.8
0.385,-26.9,166,2.2
0.384,-39.6,164,5.7
0.384,25.5,105,0.2
0.384,-28.4,172,3
0.384,-71.5,124,8.3
0.384,-22.4,120,-10.7
0.384,-11.5,127,1.5
0.383,-49.8,113,3.6
0.383,24.2,124,2.1
0.383,-139.9,136,-9
0.383,-14.6,129,-2.4
0.383,-18.2,138,1.4
0.383,-101,135,0.1
0.383,-186.3,155,-3
0.383,-43.2,115,-3.3
0.383,-138.5,173,-3.2
0.382,87,76,-13.2
0.382,-47.7,122,-5.3
0.382,-21,140,-7.2
0.382,-22.8,131,-5.5
0.382,-30.6,117,21
0.382,-72.9,165,-0.4
0.381,-115.9,137,-8.1
0.381,32.5,50,6.5
0.381,105.8,81,-12.2
0.381,11.2,141,0.7
0.381,-51.2,148,0.2
0.381,-63.8,147,5.8
0.38,-52.8,148,-8.9
0.38,-4.8,118,1.8
0.38,-6.2,155,-6.1
0.38,116,143,-18.3
0.38,-31.9,93,0.4
0.38,-18.8,127,9.2
0.38,-34.5,175,-1.7
0.38,-82.6,175,-7.5
0.38,21.9,108,-4.4
0.38,-145.4,149,0.7
0.38,-74.4,164,2.7
0.379,6.8,103,-4.7
0.379,209.5,159,-9.3
0.379,-32.5,123,-1.9
0.379,-107.5,133,-4.6
0.379,-37.5,107,-3.8
0.379,-46.1,141,-6.7
0.379,-23.3,113,1.9
0.379,-132.6,150,13.6
0.379,25.5,165,-2.5
0.379,-24.9,130,-3.1
0.379,-79.2,147,0
0.379,-202.8,157,-6.2
0.378,-58.7,148,3.9
0.378,-50.8,109,-13.4
0.378,-82.4,107,-0.5
0.378,-64.9,136,-7
0.378,33.6,137,7.5
0.378,-51.5,135,4.1
0.378,-24.5,163,-2.3
0.378,-55.9,112,-6.4
0.378,178.6,70,-14.5
0.378,25.2,131,-1.3
0.378,-141.3,114,21
0.377,83.5,153,-4.6
0.377,-101.9,137,3.1
0.377,-172.2,143,-6.4
0.377,27.6,128,2.5
0.377,-45.3,111,-4.5
0.377,-76.6,125,-12.9
0.377,85.5,84,-8.4
0.377,-135.7,163,-10
0.377,-18.1,126,9.6
0.377,27.1,99,-6
0.376,50.2,131,13.2
0.376,26.7,136,-1.2
0.376,-71,142,-2.5
0.376,-34.5,145,1.2
0.376,-26.1,93,2.7
0.376,-181.2,160,2.1
0.376,15.8,111,3.6
0.376,-68.1,171,-1.6
0.376,18.8,128,4.5
0.376,-83.5,148,-3.3
0.375,-17.5,82,-3.2
0.375,-57.5,103,-3.2
0.375,-31.1,112,7.8
0.375,-1.8,127,-4.2
0.375,-106.3,155,-2.1
0.375,-17.9,132,3.8
0.375,-165.4,169,2.7
0.375,5.1,97,2.4
0.375,-2.2,130,0.9
0.375,-121.1,121,-5.7
0.375,-0.5,138,-6.7
0.375,-3.7,134,-1.9
0.375,16.3,85,28.3
0.375,-68.6,151,-9
0.375,0.5,116,5.5
0.375,212.5,102,-12.1
0.374,-185,180,2.9
0.374,-32.1,149,-7.1
0.374,-120,143,-3.7
0.374,-10.2,138,1.2
0.374,-14.8,112,1.2
0.374,-34,123,-7.1
0.374,-205.4,175,0.1
0.374,-48.3,160,1.2
0.374,-22.8,91,4.7
0.374,-29.2,139,-0.9
0.374,-12.6,105,-5.6
0.374,-28.5,131,-1
0.373,-54.4,126,-1.1
0.373,-201.3,160,-3.5
0.373,-1,125,7.3
0.373,-35.9,154,-0.8
0.373,-73.7,153,0.2
0.373,-38.5,76,-17.3
0.373,-69.2,109,-2.3
0.373,-38.5,148,-0.3
0.373,5.2,155,-7.7
0.373,21.8,129,-3.1
0.373,-54.8,88,-8.6
0.373,32.6,145,0.5
0.373,-35.4,161,-3.9
0.373,-143,113,-8.9
0.372,-56.1,99,142.7
0.372,-53.2,152,-7.3
0.372,-24.6,139,-6
0.372,14,125,79
0.372,62.2,80,-20.5
0.372,-39.9,87,-8.9
0.372,-135.6,138,-0.7
0.372,-81.2,186,2.6
0.372,-82.7,112,-8.8
0.372,207.4,99,56.3
0.372,-42.4,109,-15.9
0.371,-69.9,109,14
0.371,-84.4,154,-2.5
0.371,-183.7,121,-7.8
0.371,-116.3,142,-0.8
0.371,-51.5,86,-5.5
0.371,-87.1,144,-4.6
0.371,-15.7,125,-3.3
0.371,-41.8,162,-3.9
0.371,-142.1,160,-9
0.371,64.5,66,-9.4
0.371,-111.7,130,-3.6
0.371,-35.8,137,10.8
0.371,-98.5,146,-2.9
0.371,73.6,64,6
0.371,-40.8,99,-8.3
0.371,60.2,96,0
0.37,-139,153,0.4
0.37,-8.1,167,0.6
0.37,-53.9,107,-5.9
0.37,-36.7,158,2.4
0.37,109.7,151,-1
0.37,-29.3,130,-0.6
0.37,-35.4,122,-4.5
0.37,-97.8,108,10.1
0.37,-48.7,110,-10.3
0.37,-92.2,86,11.3
0.37,-14,138,2.8
0.37,-39,115,3.7
0.369,-128.8,133,-2.8
0.369,-35.4,82,1.3
0.369,-122.1,156,-2.3
0.369,-34.1,110,14.2
0.369,-23.8,124,0.2
0.369,-20.6,130,-0.8
0.369,23.2,86,-1.8
0.369,-28.8,160,0
0.369,21,99,-1.9
0.369,-2.9,126,-5.6
0.369,-39.7,83,1.7
0.369,-23.6,106,3.4
0.369,-35.1,160,-0.7
0.368,30.9,120,-1.9
0.368,-34.6,162,28.9
0.368,-35.1,148,0.2
0.368,50.4,101,-0.6
0.368,97.3,134,-6.1
0.368,180.3,130,0
0.368,46.8,138,-2.1
0.368,-96.2,154,41.1
0.368,-25.5,139,-0.9
0.367,-158.3,155,-1.8
0.367,-23.2,112,12
0.367,4.1,136,3.3
0.367,-18.2,111,1.8
0.367,10.3,96,-16.8
0.367,12.9,126,-7.3
0.367,-29.8,102,23.2
0.367,79.8,151,-5.5
0.367,1.2,132,-8.9
0.367,-73.2,178,-4.6
0.367,-252.8,160,-2.6
0.367,69.5,146,-5.4
0.367,-62.8,123,8.5
0.367,-7.9,95,-11.5
0.367,-7.8,96,55.5
0.367,-66.5,127,-0.2
0.366,17.2,71,1.1
0.366,-27.1,122,3.4
0.366,-43,125,27.6
0.366,-104.8,123,-6.8
0.366,-28.4,113,-5.7
0.366,12.1,112,-0.5
0.366,-9.1,104,-2.4
0.366,-15.2,136,-5.4
0.366,19.4,96,15.7
0.366,-49.2,125,1.8
0.366,-41.3,143,0.6
0.366,-106.5,117,-1.3
0.366,-23.5,136,-1.6
0.366,-33.7,128,-2.4
0.365,-121.9,135,3.9
0.365,84.4,119,2.4
0.365,0.3,111,-5.8
0.365,-25.2,101,-12.7
0.365,-11.5,142,7.8
0.365,-101.2,142,-3.4
0.365,2.4,113,0.3
0.365,-5,136,2.4
0.365,-40.4,150,-1.7
0.365,-13.5,99,8
0.365,-52.2,96,-4.5
0.365,35.5,144,2.9
0.365,-49,119,3.5
0.365,-153.1,145,-9.9
0.365,-117.4,154,-1.9
0.365,-39,148,-2.2
0.365,-146,138,3.4
0.365,50.2,76,-11.7
0.365,-48,135,-1.2
0.365,-20.4,146,-3.4
0.365,-54.1,124,-9.3
0.365,50.2,120,-0.6
0.365,-19.5,133,1.7
0.364,-60,137,-1.3
0.364,-100.9,137,-2.9
0.364,-39.3,81,-8.1
0.364,-9.2,172,3.4
0.364,-71.4,122,0.2
0.364,-82.8,171,2.6
0.364,-25.5,102,1.7
0.364,-55.5,125,12.4
0.364,-67.3,133,-5.8
0.364,29.6,112,11.3
0.364,-16.4,148,-0.3
0.364,-13.8,124,-13.2
0.364,-41.5,119,0.8
0.364,19.3,87,5.2
0.364,-39.6,102,-1.7
0.364,-62.7,95,-7.5
0.364,-38.9,113,-2.9
0.364,-9.8,122,-4
0.364,79.4,128,0
0.364,-22.7,139,0.6
0.364,-144.8,129,8.4
0.364,-18.9,91,-3.1
0.364,-243.9,145,5.9
0.364,-123.6,126,-6.4
0.364,-11.8,113,-1.4
0.363,-78.6,106,-6.2
0.363,-25.3,84,-9.6
0.363,-8.2,122,3.1
0.363,-0.5,121,2.5
0.363,-18.3,72,-1.5
0.363,-21,134,-6.8
0.363,24.4,114,-10.1
0.363,-56.4,148,-8.3
0.363,-130.3,152,-4
0.363,-123.4,156,-2.8
0.363,59.2,82,-16.4
0.363,45.7,116,-9.5
0.363,-118.9,134,8.6
0.363,-15.7,108,-8.1
0.362,-99.9,144,-2.6
0.362,-141,116,-6.8
0.362,47.5,145,5.6
0.362,-170.4,148,0.8
0.362,-56,102,-1.2
0.362,-78.7,124,-3.1
0.362,-130.4,150,-3.9
0.362,-102.4,147,-4.5
0.362,-63.8,152,9.9
0.362,-158.8,122,-4
0.362,25.4,88,-3.1
0.362,-91.7,91,-7.5
0.362,-24.3,106,-6.4
0.362,-19.8,103,-6
0.362,31.4,88,-4.7
0.362,59.5,51,15.8
0.362,17.8,110,22.2
0.362,161.4,169,-1
0.361,-133.5,151,-4.5
0.361,20.4,104,3.1
0.361,-12.2,157,2.7
0.361,-114.4,101,46.6
0.361,-0.2,151,1.7
0.361,-211.7,132,-4.4
0.361,-9.8,94,-0.7
0.361,-181.2,127,8.4
0.361,-1.3,141,-2.5
0.361,37.6,99,-3.9
0.361,134.1,125,-10.2
0.361,-75.9,117,-2.7
0.361,-6.7,108,4
0.361,-5,109,0
0.361,-4,133,0.2
0.361,-132.8,147,-12.9
0.361,-82.2,152,-3
0.361,32.3,131,13.8
0.361,-109.6,97,101.3
0.361,117.4,91,9.6
0.361,-19,101,-17.6
0.361,-144.3,165,-3.6
0.361,-18.7,116,9.9
0.361,-80.6,157,-3.3
0.36,-10.8,105,2.8
0.36,-20.4,97,-6.3
0.36,-138.7,135,-2.4
0.36,-39.7,166,-0.8
0.36,-19.8,82,24.6
0.36,5.1,98,1.2
0.36,-79.2,128,-3.4
0.36,-117,109,3.2
0.36,0.1,120,-11.9
0.36,-17.2,149,-1
0.36,-5.1,136,2.9
0.36,-161.8,137,-16
0.36,2.3,117,3.2
0.36,-60.7,78,-7.1
0.36,-48.4,117,2.8
0.36,-18.9,118,-5.6
0.36,-27.3,133,-9.4
0.36,-136.1,158,-2.9
0.36,-25,150,-0.3
0.36,-96.2,79,-9.1
0.36,132.5,103,41.5
0.36,-103.4,126,9.7
0.36,65.7,135,-8.2
0.36,17.6,126,-4.7
0.36,-100.3,118,-8.6
0.359,-76.9,142,-0.9
0.359,-66,152,-1.6
0.359,-38.2,126,11.3
0.359,-86.3,136,-0.5
0.359,-165.5,132,-1.2
0.359,15.8,95,46
0.359,-156.6,136,-1.3
0.359,-19.2,140,7.3
0.359,48,163,-7.1
0.359,-105.8,128,-7.4
0.359,-22.1,143,0.5
0.359,-11.5,122,3.3
0.359,4.4,117,-0.5
0.359,-174.7,133,-5.9
0.359,-120.5,152,-0.5
0.359,2.9,118,-0.2
0.358,32.4,84,-3.8
0.358,57.7,92,-2.4
0.358,-8.4,96,-2.2
0.358,-22.1,113,4.1
0.358,-77.7,141,24.1
0.358,-43.1,134,-4.2
0.358,-66.2,145,3.3
0.358,-188.8,128,-7.7
0.358,-61.5,139,-1.8
0.358,-84.5,115,-1.1
0.358,23.8,133,1
0.358,-95,110,-0.2
0.358,217.2,101,-3.7
0.358,-20.2,64,6.8
0.358,-41.5,116,1.4
0.358,4.3,130,36.7
0.358,107.1,112,-4.4
0.358,-235.7,123,-8.8
0.357,-29.3,104,1.5
0.357,15.1,141,10.3
0.357,-43.2,112,4.3
0.357,-60.9,128,-0.7
0.357,6.5,141,-1.5
0.357,-38.7,101,4.5
0.357,-95.9,103,-5.7
0.357,35,81,3.4
0.357,-31.1,102,17.7
0.357,78.1,104,0
0.357,73.8,112,-1.8
0.357,-64.1,108,-7.2
0.357,-32.1,89,8.4
0.357,-192.1,144,-4.7
0.357,1.2,136,2
0.357,-62.2,103,-1.1
0.357,-10,111,3
0.357,-11.7,93,-16
0.357,-76.2,161,3.9
0.357,-36.8,95,13.2
0.357,-8.2,132,-6.1
0.357,-15.9,79,-3.9
0.357,42.6,133,-5.6
0.357,-158.5,115,-4.1
0.356,93.8,85,-9.2
0.356,63.3,126,-18.6
0.356,-75.1,148,-0.7
0.356,117.2,121,16.3
0.356,-68.3,111,-1.7
0.356,7.2,81,-1.2
0.356,21.3,121,1.2
0.356,-38.9,122,12.1
0.356,46.5,149,-5.8
0.356,-15,128,1.3
0.355,105.7,125,-6
0.355,-42.4,136,-1.4
0.355,-116.6,106,2.5
0.355,-31.3,87,-5.9
0.355,-25.5,117,-3.1
0.355,-13.5,142,-6.7
0.355,55,98,26.5
0.355,-84.8,98,4.9
0.355,-6.5,144,3.5
0.355,-8.1,116,-1.3
0.355,-30.5,126,-4
0.355,-82.3,147,-6
0.355,-85.2,148,-3.9
0.355,-15.9,93,-1.3
0.355,49.8,130,2.5
0.355,-11.3,101,-4.1
0.355,52.7,94,10.1
0.355,-78.2,116,-9.9
0.355,-16.3,134,2.1
0.354,-48.3,124,-0.1
0.354,44.5,99,8.6
0.354,-172,127,-12.9
0.354,-10.3,132,-4
0.354,-9.4,78,1.6
0.354,-13.2,117,1
0.354,6.6,109,-2.7
0.354,15.5,130,-0.8
0.354,-143,86,-13.7
0.354,-33.8,112,-4.8
0.354,-159.3,143,-14.3
0.354,-35.3,154,-5.8
0.354,-67.9,160,-3.5
0.354,18.2,89,-6
0.354,55.3,128,-7.4
0.354,-55.1,125,-2.8
0.354,-87.5,124,-6.3
0.354,-42.5,148,0.7
0.354,133.2,145,2.5
0.354,-44.3,140,-10.7
0.354,-35.6,150,-0.9
0.354,3.7,82,-1.7
0.354,-146.6,104,7.2
0.354,-162,134,-3.8
0.354,-93.2,112,-5.3
0.354,-40.3,68,1
0.354,-38.2,117,-5.4
0.354,-100.9,112,-5.6
0.353,-216,122,-0.5
0.353,41,133,-1.1
0.353,52.7,65,-12.6
0.353,-1.5,90,-2
0.353,-142.2,110,-4.2
0.353,147.3,75,5.1
0.353,-117.2,105,-7.1
0.353,-23.8,130,-1.2
0.353,-13,76,0.2
0.353,-95.1,129,-7.3
0.353,-112,128,-1.2
0.353,-50.7,129,-6.6
0.353,-75.8,88,-1.1
0.353,-82.8,114,-0.3
0.353,-57.8,108,-4.2
0.353,-3.2,134,-0.9
0.353,-7.8,73,4.5
0.353,-19.6,94,15.1
0.353,-42.2,93,-5.1
0.353,-10.3,86,0.4
0.353,127.1,109,-2.7
0.353,104.3,152,-6.9
0.353,-50.4,128,42.3
0.353,-30,106,-2.2
0.352,-60.9,104,-5.8
0.352,-135,118,-6.8
0.352,22.2,83,-4.4
0.352,0.6,138,-4.9
0.352,-21.3,124,-1.9
0.352,37.2,80,-1.8
0.352,-39.8,124,-0.9
0.352,29.3,74,30.7
0.352,-23,99,28.5
0.352,-24.3,101,-3.9
0.352,6.1,86,-11.5
0.352,-51.5,143,-1.6
0.352,-21.9,85,-6.2
0.352,-9.8,136,-2.3
0.352,278.8,143,2.5
0.352,107.3,91,3.3
0.352,-60.9,133,2.6
0.352,-22.6,125,-3
0.352,-20.8,149,-3.7
0.352,-94,137,-3.4
0.352,-56,133,-3.2
0.352,3.6,78,-2.3
0.352,-5.4,102,-17.6
0.352,-10.5,106,-1.4
0.352,139.4,78,54.1
0.352,-27.6,132,1.1
0.351,169.6,114,-12
0.351,-45.5,104,-0.9
0.351,103.9,128,23.9
0.351,-30.9,148,5.9
0.351,-111.3,124,1.2
0.351,-54.6,109,-1.7
0.351,226.8,117,9.9
0.351,105,81,-4.3
0.351,-33.6,131,-0.5
0.351,-35.9,75,-5.7
0.351,13.5,61,-1.4
0.351,13.8,121,2.3
0.351,-18.3,135,2.4
0.351,-5.2,138,-1.3
0.351,-117.4,159,-1.3
0.351,-157.7,147,-8.5
0.351,-50.4,132,-0.4
0.351,95.9,98,3.6
0.351,-14.4,75,7.4
0.351,-83.8,103,-6.7
0.35,135.5,124,3.5
0.35,-33.2,167,-0.7
0.35,-75.7,151,-0.7
0.35,-83.2,134,0.7
0.35,12.2,73,11
0.35,30.4,77,8.4
0.35,218.4,122,0.3
0.35,-74.7,127,-3.9
0.35,-129.9,129,6.4
0.35,-70.6,121,0.9
0.35,-137.8,149,-6.9
0.35,4.5,125,-3.3
0.35,-71.6,89,-3.9
0.35,-125,97,-5.1
0.35,-18.3,145,-1.5
0.35,34.9,89,-2.4
0.35,-58.6,111,20.2
0.35,-14.3,106,4.9
0.35,15.5,123,6
0.35,19.3,129,23.8
0.35,-33,97,1.4
0.35,-15.5,132,-0.2
0.35,-111.4,133,1
0.35,-66.1,96,-3.9
0.35,-82.8,127,-2.8
0.35,-11.8,157,18.8
0.35,79.4,126,-1.8
0.35,-63.8,108,-3.4
0.35,-32,122,-1.3
0.35,241.7,81,30
0.35,-29.2,99,-4.6
0.349,13.8,124,10.6
0.349,-64.9,135,-4.1
0.349,-137.9,132,3.2
0.349,-13,69,-0.3
0.349,-19.9,119,-1
0.349,-9.4,63,-3.7
0.349,-61.8,123,0.2
0.349,-28.6,100,-0.4
0.349,183,128,-3.6
0.349,-58.6,90,-1.2
0.349,-13.7,68,-1.6
0.349,-24.4,102,-3.9
0.349,104.8,73,9.4
0.349,-120.2,119,2
0.349,128.6,102,-4.5
0.349,49.5,130,0.8
0.349,-42.5,106,11.3
0.349,39.9,103,1.6
0.349,-49.3,134,5.2
0.349,-88.4,144,-2.7
0.348,-28.4,145,-0.2
0.348,-69.6,129,-8.3
0.348,39.8,101,3.9
0.348,-13.2,76,-5.2
0.348,26.3,115,-4.9
0.348,-113.3,92,3.8
0.348,147.1,89,17.2
0.348,-9.9,126,-2.1
0.348,-48.6,132,-2.1
0.348,-15.4,115,-0.9
0.348,88,107,-0.5
0.348,-35.9,111,-2.3
0.348,21.7,133,5.3
0.348,-20.6,127,-0.3
0.348,-31,146,18.8
0.348,-65.3,159,0
0.348,-60.6,82,10.3
0.348,-14.4,114,15
0.348,-21.6,129,7.2
0.348,-10.2,164,0.4
0.348,38.8,88,-0.8
0.348,-46.5,99,-1.6
0.348,-79.7,142,3
0.348,26.3,95,1.1
0.348,-4.9,79,-0.9
0.348,-55.1,79,12.2
0.348,-67.1,134,-2.7
0.347,-37.9,129,-1.4
0.347,-59.3,82,6.9
0.347,-31.5,101,-2
0.347,10,88,-1.4
0.347,13.8,98,6.9
0.347,-36.5,139,-0.6
0.347,-32.5,103,12.2
0.347,-42.2,158,0.3
0.347,120.5,94,17.9
0.347,-29.2,110,-3.5
0.347,33,100,-1.9
0.347,-27.3,92,10.6
0.347,-26.6,123,-1.4
0.347,-233.5,135,10.3
0.347,-54,109,4.3
0.347,32.7,85,-13.1
0.347,92.5,116,6.5
0.347,-167.5,119,-3.3
0.347,-14,72,11.4
0.347,28.1,120,-7.6
0.347,-101.2,131,-3.1
0.347,-51,148,-2
0.347,-47.5,95,6.8
0.347,-4.6,138,4.6
0.347,22.8,107,-7.1
0.347,-18.9,165,-0.2
0.346,-96.9,132,-5
0.346,9.2,100,-7.4
0.346,-76.9,137,-9.7
0.346,-26.8,174,-3.4
0.346,70.4,127,-0.3
0.346,-50.5,83,-4.1
0.346,-46.8,118,-2.7
0.346,-35.2,139,-2.1
0.346,-17.1,106,-12.5
0.346,-40.1,120,-2.3
0.346,-41.5,128,0.2
0.346,13.7,115,-4.3
0.346,90.5,121,-1.8
0.346,-25.9,129,-2.1
0.346,22.7,114,-1.9
0.346,-14.2,64,9.7
0.346,-14.5,110,0.3
0.346,-59.7,123,-0.2
0.346,-7.2,98,5.7
0.346,-19.7,110,-0.4
0.346,310.1,119,-11
0.346,122.8,104,3.3
0.346,31.4,136,0.7
0.346,-3.3,112,-2.5
0.346,-33.9,153,-1.4
0.345,-39.3,90,1.4
0.345,2.6,103,-0.2
0.345,-19.9,114,12.7
0.345,-0.7,103,-1
0.345,-144.4,99,-5
0.345,-31.4,91,-0.7
0.345,-111.8,112,-2.6
0.345,-75.6,107,-4.7
0.345,-138.9,118,-6.2
0.345,-13.9,106,2.8
0.345,-13.4,87,0
0.345,-73.2,118,-5.6
0.345,-22.5,131,0.7
0.345,-31.3,113,-1.2
0.345,109.9,150,-4.3
0.345,-22.5,121,0.1
0.345,-17.4,65,-8
0.345,-58.3,120,34.5
0.345,-103.2,144,-3.7
0.345,-10,103,-13
0.345,3.4,119,0.3
0.345,-37.5,71,-0.6
0.345,-62.5,97,10.6
0.345,-75.6,123,-6.8
0.345,-23.1,74,-1.4
0.345,-21.1,108,-0.7
0.345,33.6,97,-2.7
0.345,-5.6,86,-0.2
0.345,18.6,83,-1.1
0.345,-51,87,-9.1
0.345,-28.5,130,-1.5
0.344,-8.1,107,-0.4
0.344,-12.5,121,-0.1
0.344,-41.5,127,-5.7
0.344,-37.1,98,0.3
0.344,-117.8,110,-2.9
0.344,-73.6,165,-0.4
0.344,-32.2,89,-11.2
0.344,8.3,153,14
0.344,5,118,1.9
0.344,48.7,86,2.7
0.344,95.9,131,-1.2
0.344,-7.1,89,4.3
0.344,3.4,101,22
0.344,31.2,90,-9.5
0.344,-66.7,91,-1.1
0.344,-124.7,99,-6.7
0.344,-38,104,3.4
0.344,58.9,110,1.6
0.344,-76.5,63,6.1
0.344,-25.1,135,-0.5
0.344,-23.9,75,-11
0.344,29.4,84,-1.6
0.344,-89.4,149,14
0.344,2.6,80,-5.7
0.344,-67.6,89,7.2
0.344,16.3,91,0.1
0.344,-73,93,33.2
0.344,-11.3,108,10.4
0.344,4.1,102,-2.2
0.344,320,106,-4.4
0.344,-1.6,93,5.8
0.344,-174.9,124,-6.1
0.344,19.3,103,14.2
0.344,-85.4,101,1.2
0.343,-16.8,120,-2.9
0.343,-57.1,117,-3.8
0.343,-120.6,137,-5.9
0.343,-27.4,120,-8.8
0.343,-20,125,-9.7
0.343,-17.4,100,-1.1
0.343,-4.3,105,4.8
0.343,-63.2,170,-9.2
0.343,-52.5,102,-1.7
0.343,-71.9,124,-3.4
0.343,-48.9,109,0.2
0.343,7.4,80,2.5
0.343,-19.8,97,-2.5
0.343,-27.4,136,-3.5
0.343,24,58,3.6
0.343,-20.2,135,-5.3
0.343,-7.7,91,-1.7
0.343,-13.8,97,-0.2
0.343,-47.2,85,2.2
0.343,27.3,109,11.6
0.343,-159.5,156,-3.4
0.343,-100.2,100,-2.9
0.343,184.4,94,2.3
0.343,26.4,93,2.1
0.343,-15.2,98,0.5
0.343,-162.2,192,-1.5
0.343,-54.8,78,-4.4
0.343,-71.8,134,-1.5
0.343,-133.5,130,-6.1
0.343,-89,103,-6.7
0.343,3.2,97,12.5
0.343,46.2,115,-4.9
0.343,-107.1,116,6.7
0.343,23.4,97,-7.5
0.343,55.4,134,-3.8
0.343,-56.1,124,0.3
0.343,-18.6,121,-1.4
0.343,-103.5,140,-2.4
0.343,-28,115,10.6
0.342,33.7,112,1.2
0.342,-118.7,123,-6.8
0.342,73.6,139,-7
0.342,-22,120,-0.1
0.342,-50.4,165,3.1
0.342,-52.9,121,-1.5
0.342,58.1,102,-2
0.342,-49.1,152,-2.9
0.342,6.5,64,5.8
0.342,-4.2,130,-0.9
0.342,-25.4,108,0
0.342,80.3,129,-5.9
0.342,-68,90,0.4
0.342,-66.8,142,-4.3
0.342,2.9,142,-2.4
0.342,69.9,98,4.8
0.342,-28.1,131,-4.7
0.342,-37.8,86,-4.8
0.342,-44.8,137,-2.3
0.342,222.1,140,-9.1
0.342,-7.9,118,-7.5
0.342,-1.2,83,2.3
0.342,-7.3,130,-1.1
0.342,-9.4,63,5
0.342,-24.7,93,2.1
0.342,11,97,1.2
0.342,38,111,-1.9
0.342,-14,115,-3.2
0.342,-88.2,154,-0.4
0.342,-16.1,108,-2.3
0.342,-11.5,102,-4.5
0.342,-88.1,85,-4
0.341,4.6,126,-3.9
0.341,-80,171,-3.8
0.341,-36.4,79,-0.2
0.341,52.8,125,-3.6
0.341,-17.6,133,-7.6
0.341,-26.1,89,13.2
0.341,-43.8,125,-1.1
0.341,-20.8,94,-3.2
0.341,-121.9,125,-4.1
0.341,94.5,110,2.4
0.341,-4.1,134,4.1
0.341,-76,123,1.2
0.341,-20.5,125,-0.9
0.341,-99.9,86,-6.9
0.341,-59,115,-1.6
0.341,-57.9,165,-4.8
0.341,-12,80,-3.8
0.341,130.4,120,21.2
0.341,43.9,106,-2.3
0.341,-64.6,101,-2.4
0.341,-74.2,135,-2.6
0.341,-14.5,97,-2.5
0.341,42.1,86,-0.8
0.341,-77.8,133,-1.9
0.341,-49.9,99,-2.6
0.341,13.2,114,2.2
0.34,-44.9,100,-0.5
0.34,-78.7,76,-7.6
0.34,18.7,81,7.8
0.34,-122.8,98,-1.9
0.34,98.4,97,-7.9
0.34,-0.2,118,0.6
0.34,-91.7,129,-2.6
0.34,28.5,86,-8.8
0.34,-44.8,120,17.6
0.34,2.2,114,-2.9
0.34,-105.4,86,-7.2
0.34,-20.7,142,-3.4
0.34,-59.8,89,-3.7
0.34,-48.4,98,11.6
0.34,-19.7,95,2.8
0.34,-24.5,121,-1.5
0.34,-57.2,133,-1.9
0.34,-34.1,121,-1.8
0.34,-58.9,97,-5.4
0.34,53.8,126,-12.7
0.34,288.3,121,-3.3
0.34,-18.9,84,3.7
0.34,-38.8,140,4.5
0.34,-93.1,107,5.9
0.34,8.6,94,-6.3
0.34,60.5,50,-8
0.34,-36.8,124,-7.7
0.34,69.8,102,-1.5
0.339,-65.2,128,-3.1
0.339,19.4,80,3.6
0.339,-94.4,104,-11.1
0.339,-23.2,131,0.3
0.339,140.7,79,-12.9
0.339,25.5,148,-1.3
0.339,-34.2,114,5.5
0.339,-52.1,152,-4.2
0.339,11,92,0.1
0.339,11.2,103,0.4
0.339,109.1,121,-1.2
0.339,-107.1,90,4.2
0.339,-13.9,137,-6.5
0.339,-59.4,129,-0.8
0.339,34.5,60,-2.6
0.339,31.7,118,1.7
0.339,-33.1,116,-12
0.339,67.8,106,-1.9
0.339,45.6,90,7.4
0.339,-44.9,114,-1.2
0.339,-1.2,116,-0.2
0.339,-6.8,122,4.8
0.339,106.9,69,4.2
0.338,-64.1,113,-1.3
0.338,-13.9,94,-1.6
0.338,-30.2,96,-3
0.338,130.1,136,-4.6
0.338,64.6,109,12.6
0.338,-10.9,85,10.5
0.338,23.5,117,5.1
0.338,-107.7,138,-4.2
0.338,3.3,104,-1.7
0.338,-28.5,72,8.6
0.338,-103.5,105,-2.6
0.338,-49.6,111,-0.2
0.338,11.2,65,3.5
0.338,16.8,102,-1.5
0.338,-41.8,113,9.3
0.338,-35.4,127,-0.8
0.338,-62.6,94,12.1
0.338,-96.5,99,4.2
0.338,-84.9,138,-9.1
0.338,-60.3,102,-1.2
0.338,-23.9,80,2.8
0.338,-110.6,121,-1.4
0.338,-99.2,136,-4.1
0.338,-10.1,66,4.6
0.338,-11.4,107,-0.2
0.338,-13.1,121,-4.3
0.338,-7.1,125,0.9
0.338,8.3,99,-4.6
0.338,-3.8,98,0.5
0.338,-49.2,115,-2.6
0.338,-63.3,99,-2.6
0.338,-20.3,84,3.1
0.338,-80.6,96,-3.1
0.338,-17.5,56,-3.3
0.338,-38.2,71,-0.3
0.338,-5.9,115,-0.6
0.338,-33,125,-0.5
0.338,-46.4,135,-3.8
0.337,-5,88,0.1
0.337,-35.8,138,-15.8
0.337,-56,80,0.7
0.337,-14.6,129,-1.3
0.337,18.4,109,-0.6
0.337,74.5,100,-7.7
0.337,-27.3,115,-2.6
0.337,-10.8,112,0.2
0.337,21.5,69,4.1
0.337,-23.5,140,-1.1
0.337,72.3,99,-0.8
0.337,10.7,113,-11
0.337,45,74,-4
0.337,-40.8,107,-6.4
0.337,-50.8,133,-0.2
0.337,34.2,121,-7.3
0.337,1.8,79,-0.6
0.337,47.5,112,-4.6
0.337,120.2,85,4.6
0.337,-30.4,109,0.4
0.337,-19.9,113,-1.6
0.337,-36,83,-4.6
0.337,-22.4,128,3.7
0.337,-9.5,89,1.1
0.337,179,139,-6.2
0.337,-42,89,2.4
0.337,24.1,122,-3.7
0.336,-54.2,112,-3.4
0.336,-169.3,94,75
0.336,-8,110,13
0.336,51.8,90,3.3
0.336,9.9,90,3.3
0.336,10.6,130,-3.9
0.336,-9.8,109,1.7
0.336,-15.7,94,1.2
0.336,19.6,95,0
0.336,9.8,57,-0.4
0.336,-15.2,87,-1.4
0.336,-2.1,101,-1.1
0.336,-25.6,130,1
0.336,-37.1,108,-7
0.336,-10.4,61,-2.9
0.336,-48.6,120,30.2
0.336,-95.9,125,-1.7
0.336,12,101,-1.3
0.336,-33.8,111,-4.7
0.336,-32.3,68,1.2
0.336,0.7,87,-5.5
0.336,-41.9,97,3.2
0.336,-108.6,91,6
0.336,0.4,99,67.8
0.336,-60.6,78,-14.1
0.336,44.1,98,23.2
0.336,87,78,-0.9
0.336,-1.7,94,5.8
0.336,-16.4,62,1.7
0.336,-26.9,117,-3.1
0.336,14.8,89,-16.8
0.336,-25.6,89,-8
0.336,-34.1,108,-0.8
0.336,5.9,68,19.3
0.336,-117.6,121,-3.3
0.336,18,131,-6.2
0.336,34.4,115,-0.9
0.336,-40.8,119,-2
0.335,-48,68,3.3
0.335,124.8,68,-8.8
0.335,-110.2,118,-8.5
0.335,-4,61,-7.4
0.335,-73.7,118,-3.9
0.335,34.1,103,1.8
0.335,-103.5,127,-2.9
0.335,-13.1,114,0.9
0.335,-25.1,83,-0.7
0.335,-26.5,100,0.3
0.335,-69,135,-0.9
0.335,207.9,67,6.8
0.335,-56.1,102,2.3
0.335,-45.8,85,1.1
0.335,-16.2,72,-0.4
0.335,-10.9,134,-3.8
0.335,-39.2,147,-0.8
0.335,9.2,73,8.6
0.335,16,90,3.7
0.335,13.4,90,3
0.335,38.8,82,3.9
0.335,32.8,116,-1.1
0.335,-2.8,105,2.8
0.335,-3.6,117,-0.9
0.335,-142.2,107,-6.7
0.335,-12.9,82,1.8
0.335,168.2,57,16.2
0.335,-29,121,3.2
0.335,200.9,99,-19.6
0.335,-41.5,145,-0.2
0.335,-20,141,-4.6
0.335,-58.8,104,-3.2
0.335,-51.5,112,-3.1
0.335,-37.4,44,-0.6
0.335,-60.3,65,-22.6
0.334,-2.5,124,0.9
0.334,-87.9,112,-4.6
0.334,-54.9,129,-3
0.334,-7.2,96,-2.1
0.334,46.7,131,0
0.334,-43.4,114,2.6
0.334,-56.3,117,-5.5
0.334,-37,124,-5.9
0.334,-44.2,113,-6.9
0.334,29.4,118,0.3
0.334,9.6,104,-1.3
0.334,-35.4,116,2.7
0.334,36.3,75,0.4
0.334,-36.6,137,-1.7
0.334,-71.7,118,-2
0.334,-59.6,105,-6.5
0.334,6.5,107,-1.3
0.334,22,103,-7.8
0.334,-8.6,118,-5.5
0.334,-20.4,88,-1.6
0.334,-18.9,60,0.1
0.334,-18.6,109,3.7
0.334,-27.4,85,0.6
0.334,34.2,109,3.2
0.334,-122.8,133,-8.4
0.334,81.9,123,-3.5
0.334,62.7,104,2.3
0.334,13.1,134,1.2
0.334,-27.6,85,-8.7
0.334,-12.5,100,-3.8
0.334,-60.3,68,-4.4
0.334,-11.4,66,0.1
0.334,-35.4,75,15.1
0.334,30.7,84,0.4
0.334,49.3,87,-3.6
0.334,-29.7,83,3.2
0.334,8.2,92,-0.9
0.334,104.4,56,-3.3
0.334,10.2,102,2.3
0.334,-175.7,143,18
0.333,-14.3,62,13.5
0.333,-5.5,65,-0.6
0.333,34.6,93,-3.3
0.333,-26.9,113,-2.1
0.333,6.1,92,3.8
0.333,-18,68,-0.4
0.333,11.6,77,-0.3
0.333,-28.7,66,0.1
0.333,-1.4,134,1.7
0.333,-46,108,-1.5
0.333,-28.9,74,-3.3
0.333,116.9,78,-9.1
0.333,-102.7,83,36.6
0.333,-22.3,126,-5.5
0.333,70.4,102,-1.6
0.333,-32.1,102,-2.1
0.333,-8.2,118,-7
0.333,137.5,71,9.9
0.333,-39.5,90,-4.1
0.333,-13,105,-4.2
0.333,31.2,87,35.7
0.333,-69.7,145,-4.6
0.333,6.6,88,-4
0.333,-10.2,77,-1.4
0.333,33,115,-1.2
0.333,-55,129,-3.5
0.333,-64.4,117,-0.7
0.333,-28,60,3.9
0.333,-8.7,102,-1.8
0.333,-13.8,118,-1.4
0.333,-60.1,115,5.2
0.333,24.7,87,1.3
0.333,-86.9,95,3
0.333,63.7,123,-7.1
0.333,23.5,82,4.1
0.333,-21.5,103,-6.3
0.333,-44.1,104,-3.4
0.333,-65.1,139,0.5
0.333,-7.9,102,-2.1
0.333,31.5,90,-3.4
0.332,-13.4,120,-1.5
0.332,128.5,141,-10.2
0.332,-63.6,143,-7.1
0.332,67,98,-0.6
0.332,33.6,85,22.8
0.332,-0.4,71,1.6
0.332,-3.6,115,18.1
0.332,-86.5,104,-5.5
0.332,-31.9,113,0.1
0.332,-20.5,55,-1.5
0.332,2.6,124,-4.1
0.332,-36.8,96,1.1
0.332,-48.6,94,11.7
0.332,4.5,64,-2.8
0.332,-8.6,111,-4.9
0.332,-74.3,120,-4.5
0.332,-3.7,107,-6.6
0.332,20.3,96,0.3
0.332,15.8,104,-2.7
0.332,-14.7,118,-0.3
0.332,45.4,94,46.4
0.332,-48.2,103,-4.1
0.332,32.9,123,-4.8
0.332,-29.7,70,-3.7
0.332,-22.4,61,-2
0.332,-7.8,59,-5.2
0.332,-3.7,138,-1.8
0.332,-32.5,95,-0.2
0.332,-35.5,112,-2
0.332,-34.7,52,-9
0.332,-17.6,75,-1
0.332,-33.5,84,-4.5
0.332,-83,157,-1.4
0.332,145.3,116,-3.4
0.332,-2.1,73,-0.1
0.332,-29.5,128,0
0.332,-9.9,87,4.2
0.332,-41.4,109,8.2
0.332,-112.2,143,-4
0.332,-34.7,102,-0.2
0.331,-22.1,65,23.6
0.331,25.5,56,1.3
0.331,-18.4,133,-1
0.331,-39.3,115,1.5
0.331,77.1,104,2.1
0.331,-24.5,106,-3.6
0.331,3.5,111,-3.8
0.331,28.2,116,-1.9
0.331,-28,89,1.1
0.331,-75.1,122,-5
0.331,-35,81,-0.7
0.331,-52.1,86,-1.7
0.331,-20.1,102,-2.3
0.331,-38.8,111,-5.1
0.331,-12.1,80,0.4
0.331,-15.3,142,0.7
0.331,-18.4,119,1.3
0.331,-38.8,107,-9.5
0.331,-68.6,103,-3.7
0.331,-37.1,117,-1.9
0.331,-57.9,85,2.4
0.331,4.3,102,-5.3
0.331,-29.2,112,-4.8
0.331,83.1,78,17.1
0.331,-12.5,66,-5.3
0.331,33,68,-5.1
0.331,12.3,94,-5.8
0.331,-32.1,92,-0.5
0.331,-94,119,-5.8
0.331,-11.6,105,-2.3
0.331,-50.2,120,-1.3
0.331,-146.8,95,-1.7
0.331,83.5,96,-4.5
0.331,10.6,122,3.4
0.331,-21.7,89,-0.2
0.331,-14.1,99,2.1
0.331,-1.5,101,1.7
0.331,2.2,98,3
0.331,0,82,-1.7
0.331,7.1,87,1.4
0.331,-15.8,89,-10.6
0.33,9.7,70,-8.9
0.33,-33.3,112,-2.2
0.33,132.8,125,2.2
0.33,137.7,85,-7.3
0.33,-64.2,128,-7.8
0.33,-16.3,75,8.1
0.33,-95.7,121,-3.7
0.33,-56.4,64,-8.8
0.33,-24.7,107,-10.5
0.33,23,87,-5.2
0.33,-58.4,101,-1.6
0.33,-132.6,113,9.7
0.33,0.9,79,1.6
0.33,-96.7,98,1.4
0.33,306.6,94,-6
0.33,-177.2,126,5.1
0.33,-19.4,130,0.7
0.33,-12.9,121,-3.5
0.33,21.6,72,3.5
0.33,-126.2,95,-8.1
0.33,-133.3,107,-6.9
0.33,-3.5,89,-5.3
0.33,-53.5,139,-4.5
0.33,-20.9,86,0.1
0.33,-34.8,106,-4.4
0.33,-14,97,-8.4
0.33,-9.7,103,0.9
0.33,-30.4,119,1.9
0.33,0,103,4.5
0.33,-29.1,95,-3.1
0.33,-3.8,94,1.8
0.33,-25.5,126,-3.4
0.33,53.9,76,19.2
0.33,-7.9,132,1.5
0.33,34.6,87,2.1
0.33,1.7,79,-3.3
0.33,41.3,111,3.3
0.33,-40.7,82,5.3
0.33,60.2,109,-5.7
0.33,-9.5,73,-1.4
0.33,-12.6,110,-0.7
0.33,-90.5,97,16.3
0.33,62,91,45
0.33,-119.1,103,-8.7
0.33,26.4,130,-3.8
0.33,-2.9,111,-1
0.33,5.1,92,-0.4
0.329,25.2,67,-0.7
0.329,5.3,82,13.6
0.329,49.2,70,13.8
0.329,-24,76,-1.2
0.329,-1.2,97,0.5
0.329,-16,75,-1.8
0.329,82.4,72,-3.9
0.329,24.9,83,2.8
0.329,-6.6,105,1.9
0.329,-9.5,83,0.2
0.329,-28.9,105,-2.2
0.329,-26.5,134,0.4
0.329,53.7,124,4.9
0.329,0,105,-2.6
0.329,-60.4,112,-0.8
0.329,40.3,85,9.2
0.329,-20.8,146,-2
0.329,1.5,84,1.2
0.329,-10.1,80,-4.1
0.329,-7.6,93,2
0.329,-24,146,0.3
0.329,80.3,100,-5.7
0.329,-24.6,79,-0.6
0.329,-15.2,116,-4.3
0.329,2.1,77,-0.8
0.329,-26.5,88,-4.5
0.329,-1.3,107,-2.8
0.329,70.7,62,1
0.329,-4.7,120,-3
0.329,-2.8,45,12.9
0.329,7,75,8.1
0.329,54,96,2.5
0.329,-13.4,75,4
0.329,-16.5,85,7.1
0.329,-20.5,111,6.4
0.329,98.8,73,-7.7
0.329,-100.3,111,-4
0.329,-17.7,74,30.4
0.329,-50.8,140,0.1
0.329,-55.5,121,-3.3
0.329,66.5,81,5.9
0.329,7.6,133,-1.9
0.329,-6.5,82,4.7
0.329,-25.8,116,-1.2
0.329,21.8,116,1.4
0.329,-32.5,102,0.8
0.329,18,96,-1.2
0.328,-39.4,99,-0.5
0.328,27.4,61,2.6
0.328,54.6,102,-12.5
0.328,-24.1,76,-3.8
0.328,-26.8,60,-3.5
0.328,-14.5,95,-1.1
0.328,-26.9,110,-3.3
0.328,60.1,58,46.6
0.328,-31.3,137,-2.6
0.328,15.9,135,-2.2
0.328,-9.1,122,-2.2
0.328,36.9,125,2
0.328,-1.9,111,14.6
0.328,-32.6,105,-2.3
0.328,-24,106,-1.7
0.328,-2.5,136,-2
0.328,-28.2,116,-2.2
0.328,71.3,102,3.5
0.328,56.1,118,-3.9
0.328,-9.2,121,0.9
0.328,-56.8,103,-1.4
0.328,-10.8,109,0.7
0.328,-21.3,119,-1.8
0.328,-19.5,72,-2.1
0.328,22.5,92,0.2
0.328,-14.1,110,-1.7
0.328,35.2,102,-4.6
0.328,-178.1,108,-2.5
0.328,-40.5,111,-3.3
0.328,99.6,56,11
0.328,-12.4,89,-1.6
0.328,16.3,78,-1.3
0.328,-49.5,75,11
0.328,-26.9,108,0
0.328,28.4,98,-1.2
0.328,-16.5,120,2.6
0.328,-29.3,104,-0.5
0.328,-22.8,76,15.8
0.327,-37.5,97,-1.4
0.327,-7.2,64,-1.5
0.327,24.4,65,-2.2
0.327,-3.2,102,0
0.327,-45.8,83,-2.9
0.327,-21.2,68,-2.8
0.327,-20.6,106,0.2
0.327,-27.1,94,1.7
0.327,-72.7,131,-0.8
0.327,0.5,102,-2.4
0.327,-51,101,2.3
0.327,12.6,75,-2.2
0.327,2.2,75,-5.1
0.327,20.1,123,-3.5
0.327,-84.7,98,40.2
0.327,222,93,-1
0.327,20.6,131,1.9
0.327,88.9,111,-1.7
0.327,-41.9,128,-2.3
0.327,163.2,102,-6.1
0.327,46.4,89,0.9
0.327,8.3,102,14.8
0.327,-35.8,118,-3.7
0.327,-60.6,96,-2.9
0.327,-49.9,119,-2.7
0.327,-28.5,85,1.1
0.327,-26.8,106,-5.7
0.327,4.6,102,-2.3
0.327,-10.8,48,-1
0.327,45.5,67,-11.4
0.327,-14.1,100,7.6
0.327,-12,131,-4.2
0.327,-138.4,86,6.9
0.327,2.2,99,0
0.327,-20.3,105,-1.8
0.327,52.7,91,-3
0.327,26.4,89,2.4
0.327,-51.2,130,-4.6
0.327,-66.3,105,-1.1
0.327,-67.6,120,-2.7
0.327,2.6,84,2.9
0.327,-69.1,59,3.8
0.327,37.9,37,9.4
0.327,46.4,61,5.3
0.327,-31.4,115,-0.3
0.327,-18,67,-0.5
0.327,-7.7,138,0.6
0.327,161.8,63,-0.9
0.327,-34.6,126,-2.9
0.327,99.7,69,9.2
0.326,87.3,104,14.8
0.326,14.9,91,-4.6
0.326,9.8,123,-0.3
0.326,-50.2,115,-1.7
0.326,17.9,56,3.4
0.326,-55.2,141,-0.4
0.326,-7.8,105,-1.3
0.326,42.4,103,-1.9
0.326,-13,90,0
0.326,48.7,72,-3.5
0.326,-18.2,90,0.1
0.326,-14.7,65,-0.4
0.326,17.6,82,-7.7
0.326,-63.1,82,-1.5
0.326,33.6,92,9.7
0.326,28.4,61,6.9
0.326,-89.1,134,-3.6
0.326,-5,80,-1.5
0.326,23.4,60,-6.3
0.326,-144.2,140,-3
0.326,-53.3,104,14.2
0.326,-25.2,82,19.2
0.326,-33.2,82,-1.2
0.326,-103.3,84,-0.3
0.326,-22.4,92,-1.5
0.326,-111.5,70,-6.2
0.326,-32.6,93,2.7
0.326,59.2,88,24
0.326,-67.9,82,-3.3
0.326,24.5,89,-13.6
0.326,-56.6,107,-1.2
0.326,-20.2,102,-4.2
0.326,-16.6,81,-6.2
0.326,33.5,83,-2.4
0.326,-23,86,1.1
0.326,-31.4,110,-1.2
0.326,-18.8,109,1
0.326,-18.1,80,0.3
0.326,150.6,107,27.3
0.326,-59,111,-2.8
0.326,-18.5,85,1.4
0.326,19.4,97,-3.9
0.326,-27,93,1.1
0.326,-84.6,160,-1.4
0.326,29.1,88,-0.5
0.326,59.1,85,-7.6
0.326,-50.7,145,-3.4
0.326,12.1,97,10.4
0.326,8.5,120,0.9
0.326,7,120,-2.1
0.326,-59.8,103,0.1
0.326,82.3,117,-6.9
0.326,-15.6,83,-3.6
0.326,-3.8,78,-3.8
0.326,-22,50,5.2
0.326,74.6,116,-3.4
0.326,-34.8,107,-2.3
0.325,30,123,2.2
0.325,5.8,120,-6.9
0.325,42.7,74,-16.7
0.325,-131.7,103,-8.5
0.325,-12.1,123,3.9
0.325,-33.7,114,-0.3
0.325,-29.7,119,-1.5
0.325,41.9,101,5.2
0.325,70.2,74,-5.5
0.325,-9.6,78,-2.1
0.325,178.7,56,-11.1
0.325,-15.8,113,4.5
0.325,-12.1,61,6.9
0.325,-31.4,95,1.2
0.325,-53.2,114,-2
0.325,-89.2,120,-2
0.325,-13.2,78,-0.5
0.325,14.4,92,-2.8
0.325,19.1,70,-2.8
0.325,68.7,92,-1.3
0.325,20.8,91,-5.9
0.325,15.6,96,-3.6
0.325,5.7,104,-2.8
0.325,29.7,85,-1.9
0.325,-7.1,68,-1.2
0.325,4.4,91,0.8
0.325,96.3,77,9.4
0.325,91.8,97,-2.5
0.325,81.8,86,-4.9
0.325,135.9,125,-8.9
0.325,-25.8,100,-3.8
0.325,-32.7,68,-3.5
0.325,-8.1,71,1.3
0.325,-120.8,62,3.5
0.324,-14.3,117,-2.3
0.324,24.2,67,-2.1
0.324,-101,82,-5.3
0.324,-6.9,104,1.5
0.324,15.8,107,3
0.324,-21,62,0.4
0.324,-13.8,63,3.4
0.324,-35.1,111,-6.5
0.324,20.2,52,17.1
0.324,-102,119,20
0.324,-36.8,96,-6.5
0.324,-12.1,102,-9.6
0.324,-42.1,84,-2.6
0.324,-5,80,-2.2
0.324,7.2,94,6
0.324,29.2,88,0.9
0.324,32.4,83,-4.8
0.324,32.5,101,-2
0.324,-45.2,143,-3.9
0.324,7.6,137,0.3
0.324,-62.5,72,-10.1
0.324,-9.7,92,6.6
0.324,-6.8,91,2.2
0.324,-6.7,124,6.2
0.324,14.9,116,-2.3
0.324,-7.2,101,1.4
0.324,-65.1,59,-2.3
0.324,5.9,107,-2.8
0.324,-15.3,150,-4.5
0.324,-2.2,96,-1.7
0.324,-20.7,66,-5.3
0.324,29.3,94,-2
0.324,22.1,76,2.7
0.324,135.3,84,4
0.324,-49.8,107,-0.5
0.324,-5.4,47,5
0.323,-7.6,87,0.2
0.323,-43.1,108,-4.1
0.323,86.6,56,0
0.323,12.9,89,0.4
0.323,8.8,51,0.1
0.323,-39.4,102,-9.9
0.323,-2.5,93,-3.3
0.323,41.3,39,-5.7
0.323,-59.1,91,-2
0.323,-25.1,76,20.1
0.323,26,72,-2.2
0.323,-11.2,93,-3.2
0.323,15.5,64,-3.6
0.323,-4,41,0.5
0.323,8.9,107,-0.3
0.323,-10.1,109,-2.1
0.323,-13.9,88,-5.4
0.323,-38.5,85,-3.8
0.323,-15.3,103,0.4
0.323,-99.1,86,0.4
0.323,-16.6,68,1.3
0.323,6.9,128,-2.6
0.323,22,99,-3.5
0.323,1.5,83,3.2
0.323,-52.8,104,-3
0.323,137,98,45.2
0.323,-57,101,-4.8
0.323,-120.9,93,8.3
0.323,7.9,92,1.9
0.323,-12.1,105,-2
0.323,32.3,81,9.1
0.323,9.5,58,1.2
0.323,7.4,118,-1.1
0.323,-5.5,135,-3.9
0.323,-66.6,65,1.9
0.323,-63.6,132,-2.4
0.322,-1.2,99,-0.3
0.322,4.7,99,-2.7
0.322,-39.8,116,0.7
0.322,-11.6,81,0.7
0.322,-19,109,0.4
0.322,74,120,-17.7
0.322,-87.8,117,-3.9
0.322,26,83,-2.9
0.322,9.9,59,-7.8
0.322,-34.7,142,-2.8
0.322,-5.3,70,-1.8
0.322,-35.3,121,-1.8
0.322,-16.6,119,-1.7
0.322,-24.4,128,-0.6
0.322,-17.6,117,-0.9
0.322,31.6,80,-10
0.322,12.6,111,1
0.322,4.9,102,1.8
0.322,-33.2,110,-0.9
0.322,-52.6,102,1.6
0.322,43.5,52,-4.5
0.322,-8.5,104,-3.7
0.322,359.8,102,0.4
0.322,64.3,102,-3.4
0.322,0.8,51,-5.5
0.322,12.1,81,6.1
0.322,46.3,79,-5.1
0.322,22.4,95,-11.1
0.322,-19.6,84,9.2
0.322,35.3,75,-3.5
0.322,-21.7,108,-0.8
0.322,7,88,-2.4
0.322,-36,88,0.1
0.322,50.3,93,-4.2
0.322,-24.4,103,1.6
0.322,-37.5,93,-1.9
0.322,48.5,115,-1.1
0.322,-19.4,111,1.7
0.322,3.2,72,-5.2
0.322,-57.4,93,0
0.322,61.7,119,-5.4
0.322,-7.7,84,11.3
0.322,-22.8,84,7.2
0.322,37.4,78,0.5
0.322,-7.7,92,0.6
0.322,50.4,80,-1
0.321,-8.5,82,9.5
0.321,-9.4,101,11.8
0.321,-3.4,106,9.8
0.321,38.8,100,-2.2
0.321,-2.2,142,-1.9
0.321,20.3,82,-0.3
0.321,-16.1,70,-3.9
0.321,-8.8,90,1.7
0.321,3.1,77,10.1
0.321,-17.8,95,-4.7
0.321,24.4,88,0.6
0.321,-19.7,58,3.4
0.321,-28.2,108,-1.5
0.321,32.1,67,-7.1
0.321,9.3,113,3.8
0.321,24.9,98,3.3
0.321,-34.3,100,-6.3
0.321,41.1,123,9.2
0.321,104.1,93,1.8
0.321,-22.1,92,-4.2
0.321,35.4,110,-2.7
0.321,-1.8,93,-2.2
0.321,46.1,102,1.6
0.321,93.5,82,-5.9
0.321,141.6,74,2.5
0.321,0.5,109,3.7
0.321,6.1,117,-6.3
0.321,90.7,105,32.4
0.321,7.4,73,7.1
0.321,-2.4,59,-4.8
0.321,3,81,1.2
0.321,-5.4,78,-0.7
0.321,29.2,64,-9.4
0.321,-55.7,76,-7.8
0.321,34.1,59,-1.2
0.321,82.4,90,-1.8
0.321,-33.2,103,-1.1
0.321,21.4,112,-0.2
0.321,-17.2,118,-2.7
0.32,24.3,65,-8.8
0.32,18.8,93,35.8
0.32,-20.7,84,3
0.32,21,51,3.8
0.32,33,124,-2.4
0.32,22.9,116,-3.2
0.32,-11.7,113,1
0.32,-19.6,123,-3.2
0.32,-40.2,59,-7.1
0.32,46.6,82,-2.8
0.32,20.4,68,-3.2
0.32,-28.9,114,-0.6
0.32,-8.4,75,-5.4
0.32,-26.1,86,-2.1
0.32,-122.7,91,-4.9
0.32,18.3,89,0.1
0.32,-17.3,122,0.2
0.32,-25.1,89,-1.6
0.32,24.9,59,-11.4
0.32,-24.1,63,-4.5
0.32,-31.2,118,-1.1
0.32,-7.2,90,-3.1
0.32,8.7,122,-5.2
0.32,97,65,21.2
0.32,-13.4,79,-2.5
0.32,36.5,96,-0.3
0.32,32.6,76,8.6
0.32,10.9,63,26.5
0.32,-30.8,98,4.2
0.32,3.8,67,1.2
0.32,-31.8,82,-3.5
0.32,-5.2,112,-3.1
0.32,0.6,103,-1.1
0.32,-10.7,141,-2.7
0.32,123.1,71,-3
0.32,10.1,55,14.5
0.32,69.4,65,2.3
0.32,-34.3,80,-8.9
0.319,43.2,84,7.1
0.319,-29.9,77,-1.8
0.319,-60.4,90,-1.5
0.319,-23.4,111,0.4
0.319,-26.3,85,4.1
0.319,41.9,88,24.9
0.319,-95.5,114,7.2
0.319,-27.8,59,-5.9
0.319,22.4,67,-1.5
0.319,-26.9,72,-3.3
0.319,-35.5,88,-4.4
0.319,11.7,96,-5.9
0.319,-30.6,90,-3.2
0.319,0,112,-1.9
0.319,6.1,78,3.7
0.319,-57.5,114,-2.2
0.319,-34,111,-0.4
0.319,17.6,100,-0.2
0.319,60.1,86,-5.8
0.319,-9,109,-0.8
0.319,58.8,59,-15.3
0.319,37,73,-0.3
0.319,88,90,-10.5
0.319,-8.8,97,-5.9
0.319,381.3,77,-7.2
0.319,-23.9,101,-2.9
0.319,2.2,123,-1
0.319,5.5,54,6.4
0.319,-13.9,67,-1.6
0.319,-31,62,15.5
0.319,20.3,67,0.3
0.319,-15.2,63,-0.4
0.319,-46.5,135,-0.9
0.319,-8.2,71,8
0.319,-34.1,125,-1.1
0.319,-44.7,86,-1.5
0.319,-65.8,104,5.2
0.319,-46.6,131,-0.9
0.319,-28.3,79,1.3
0.319,9.7,42,0.4
0.319,165.5,123,-2.9
0.319,9.3,129,-0.3
0.319,-30.3,85,-1.8
0.319,24.5,91,1.8
0.318,-17.7,128,1.1
0.318,-24.5,69,-0.4
0.318,-30.2,105,-2.1
0.318,-31.3,79,-1.6
0.318,-35.9,89,-2.3
0.318,-24.2,125,1.1
0.318,-41.5,82,-2.5
0.318,31.6,91,-4.1
0.318,-18.9,127,4.1
0.318,-12.4,68,-2
0.318,122,93,-0.8
0.318,-22.1,110,-2.2
0.318,1,81,1.2
0.318,14.6,90,-1.2
0.318,-8.5,65,-2.5
0.318,31.2,65,6
0.318,30.4,79,-1
0.318,-19.7,113,1.5
0.318,-12.6,60,2.4
0.318,-2.9,84,-1.8
0.318,23.2,75,0.6
0.318,2.5,114,-1.4
0.318,10.5,127,-3.3
0.318,-22.2,90,-0.5
0.318,15.4,57,-6
0.318,46.3,65,-3.8
0.318,32.4,108,0.4
0.318,-26.7,69,-4.2
0.318,53,105,-2.1
0.318,16.1,104,18.2
0.318,14,77,0.9
0.318,-39.3,111,-1.2
0.318,-26.1,99,1.3
0.318,-19.4,94,-0.3
0.318,-9,129,0
0.318,36.9,109,-8.8
0.317,-12.3,96,-0.7
0.317,-16.8,85,6
0.317,8.8,92,-0.8
0.317,-28.6,132,-2.4
0.317,-20.4,99,4.9
0.317,-62.5,105,-10.5
0.317,55.3,63,-4.9
0.317,-4.3,77,1
0.317,22,61,0.8
0.317,27,71,8
0.317,50,103,4.2
0.317,45.7,55,1
0.317,-32.5,102,0
0.317,-45.5,106,-2
0.317,-23.5,87,0
0.317,-28.6,98,-2.4
0.317,2,121,-2.6
0.317,-40.6,119,-4.8
0.317,25.4,107,-4.4
0.317,3.6,93,10.4
0.317,225.5,72,4
0.317,-8,81,0.3
0.317,12.1,96,-4.7
0.317,-16.8,81,-1.8
0.317,-63.7,70,-4.1
0.317,-17.6,77,-7.1
0.317,-17.9,72,-2.9
0.317,-41.5,119,-2.3
0.317,-37.7,82,-2.8
0.317,-83.2,84,-2.7
0.317,3.8,99,6.5
0.317,64,104,20.2
0.317,3.4,49,5.4
0.317,-84.9,61,14.5
0.317,24.8,62,10.7
0.317,-22.8,78,-1.6
0.317,2,93,-1.2
0.317,-1.4,91,-4.9
0.317,29.7,74,15.1
0.317,2.8,89,-4.5
0.317,5.6,78,-3.1
0.317,-12,135,-3.1
0.317,59.8,90,-0.6
0.316,13.1,53,1.1
0.316,19.7,94,-4
0.316,-46.1,119,-1.7
0.316,69.7,61,-3
0.316,7.4,81,4.2
0.316,36.5,107,-5.9
0.316,2.1,61,22.6
0.316,-4,81,-4.1
0.316,-14.8,90,-1.4
0.316,39.8,100,2
0.316,17,64,-1.7
0.316,-30.9,86,16.8
0.316,-20.2,46,-5.2
0.316,18.2,79,1
0.316,-7,65,1.9
0.316,30.5,96,-1.4
0.316,-8.9,130,-3.1
0.316,26.7,101,2.6
0.316,-4.2,96,-1.6
0.316,22.1,73,-1.4
0.316,-34.7,75,6.8
0.316,24.3,84,-7.6
0.316,-14.6,105,-2.6
0.316,-23.8,82,-7.5
0.316,-17.3,107,-0.6
0.316,67.7,103,-8.7
0.316,12.5,64,-6.7
0.316,-12.6,74,-2.1
0.316,-10.5,88,3.3
0.316,-11.5,50,1.6
0.316,49.4,87,4.9
0.316,-5.1,97,-3.2
0.316,-53.3,86,-1.1
0.316,24.7,84,-0.1
0.316,48.7,80,5.4
0.316,32.8,73,14.4
0.316,-47.2,88,-4.3
0.316,28.6,47,3
0.316,18.9,52,-0.6
0.316,-21,93,-7.5
0.316,8,70,-1.7
0.315,27.6,68,-1.2
0.315,101.1,108,-1.5
0.315,17.9,69,-2
0.315,-2.9,70,-6.5
0.315,-5.6,52,0.9
0.315,-38.5,61,24.5
0.315,29.9,117,-0.2
0.315,-5.4,98,0.8
0.315,-31.1,121,-2.2
0.315,7.6,97,-0.6
0.315,11.7,91,-1.7
0.315,-11.8,91,0.6
0.315,80.5,66,79.3
0.315,-36.8,85,1.7
0.315,-7.7,48,3.1
0.315,-22.8,63,-1.7
0.315,52.7,101,-1.7
0.315,-21.9,84,3
0.315,-22.4,95,2.2
0.315,76,61,3.4
0.315,-13.6,66,-3.5
0.315,-57,121,-3.7
0.315,1.4,61,4.8
0.315,-18.6,99,-5.6
0.315,154.1,102,-3.6
0.315,29.1,73,1.5
0.315,0.7,73,-3.9
0.315,8.5,114,0
0.315,49.9,52,2.4
0.315,-7.2,139,0.3
0.315,-8,74,-0.2
0.315,29.4,107,-0.9
0.315,-33.8,116,-2.3
0.315,-39.5,92,-5.7
0.315,-32.3,83,-5
0.315,139.2,104,-11.2
0.315,-4.6,103,-4.3
0.315,12.7,94,-2.2
0.315,-12.2,75,-3.9
0.315,-6.3,83,0.2
0.315,10.3,67,11.9
0.315,113.4,69,-11.5
0.315,28.9,41,32.5
0.314,-15.4,87,0.8
0.314,0.9,67,-6.4
0.314,40,74,1.8
0.314,92.2,79,0.9
0.314,-13.9,88,0.3
0.314,-40.3,114,-3.6
0.314,7.6,100,0.8
0.314,63.8,104,-1.4
0.314,45.9,79,-2
0.314,-81.5,129,-2.7
0.314,-10.1,95,-4.6
0.314,-4.9,117,-1.9
0.314,67.3,97,5.6
0.314,115,76,-5.1
0.314,117.9,64,-1.7
0.314,15.9,66,2.3
0.314,6.4,85,-1.6
0.314,42.3,86,4.2
0.314,26.2,102,-1.4
0.314,-6.6,61,-6
0.314,-4,105,12.4
0.314,-31.2,94,-2.6
0.314,10.8,80,-1.1
0.314,25.1,86,2.5
0.314,21.9,69,0.4
0.314,-18.6,127,-0.9
0.314,18.7,96,-0.7
0.314,-32.4,98,3.1
0.314,79.3,64,6.2
0.314,54.7,62,6.6
0.314,-6.1,68,-8.1
0.313,-8.4,94,-2.4
0.313,-20.8,117,0
0.313,77.5,86,-5.6
0.313,9.7,116,-3.9
0.313,66.7,86,-6.1
0.313,-76.8,64,7.6
0.313,11.3,83,-6.4
0.313,2.2,60,-1.2
0.313,-122.9,99,-13.5
0.313,29,71,-2
0.313,90.5,101,-2.9
0.313,-31.4,128,-2
0.313,20.9,51,-3
0.313,210.3,68,4.3
0.313,19.1,96,-2.4
0.313,-30.4,104,-1.9
0.313,-27.6,86,-3.7
0.313,-30.7,82,-3.6
0.313,18.1,111,3.7
0.313,-4,106,-3.3
0.313,97.4,124,-5.7
0.313,-2.7,95,-1.2
0.313,-14.1,83,-1.3
0.313,-83.4,110,1
0.313,18,89,-0.3
0.313,34.1,101,-3
0.313,46.6,65,-7.1
0.313,-23.8,60,16.5
0.313,-22.3,108,-1.6
0.313,25.4,77,0.1
0.313,42.4,63,3
0.313,42.8,98,-0.3
0.313,-17.7,116,-4.1
0.313,4.8,81,0.6
0.313,-16.9,103,0.6
0.313,50.2,53,-2.6
0.313,-19.5,104,1.7
0.313,147.4,97,-3.8
0.312,-11.6,117,-1.7
0.312,12.8,53,8.7
0.312,-32,89,5.8
0.312,-31.2,87,-0.4
0.312,88,85,3.7
0.312,22.9,77,0.7
0.312,-14.3,71,0.3
0.312,26,101,-5.8
0.312,-61.2,56,-4.7
0.312,159.9,57,-4.2
0.312,-54.4,75,-6.5
0.312,12.5,90,-2
0.312,-45.7,123,-4.8
0.312,65.8,100,-2.8
0.312,10.6,57,-0.6
0.312,165.1,68,9
0.312,-25.7,91,-4
0.312,109.3,94,-8.5
0.312,-41.4,88,-1.1
0.312,110.2,90,-0.1
0.312,-9.6,65,-0.4
0.312,20.3,66,2.5
0.312,91.9,47,3.4
0.312,13.3,76,-0.2
0.312,-2.2,89,-1
0.312,-0.8,100,-7.3
0.312,4.6,46,1.5
0.312,-0.8,89,25.6
0.312,38.2,45,4.8
0.312,41.3,44,-1.4
0.312,-26.9,110,-4.2
0.312,-19.2,117,-1
0.312,-10.4,63,-1.5
0.312,-43,129,3.1
0.311,-40.3,118,-1.1
0.311,-7.1,69,19.6
0.311,44.6,76,-3.1
0.311,63.9,70,6.7
0.311,-4.8,105,-1.8
0.311,2,132,-1.2
0.311,51.4,77,-3.9
0.311,-18.6,104,-1.4
0.311,-20.7,88,9.5
0.311,13.2,78,0.4
0.311,12.8,101,16
0.311,-9,61,-6.2
0.311,20.4,50,1.6
0.311,-19.9,74,-1.7
0.311,-31.7,105,-3.6
0.311,-4.9,85,-2.5
0.311,-8,117,-3
0.311,-1.8,81,-0.8
0.311,36.6,88,0
0.311,41.9,41,-3.7
0.311,58.3,98,-2.5
0.311,-1,74,4.4
0.311,11.6,50,-1.4
0.311,25.2,44,0.8
0.311,-8.6,104,0.9
0.311,42.1,91,-4.7
0.311,-3.5,99,-6.6
0.311,163.4,98,-6.4
0.311,-0.2,102,-0.4
0.311,-8.7,89,-5.3
0.311,-14.9,65,2.4
0.311,13.9,108,1.3
0.311,-13.8,98,0.6
0.311,26.6,55,0
0.311,-36.8,81,-4.3
0.311,-23.1,71,-4.4
0.311,-1.1,86,-2.2
0.311,132.2,105,-10
0.311,6.9,54,-1.6
0.311,18.4,58,4.2
0.311,-10.4,67,1.5
0.311,46.5,89,2
0.31,-16.8,81,3.1
0.31,-21,125,-1.4
0.31,-44.4,119,-1.2
0.31,-30,68,0.5
0.31,-19.8,77,-1.6
0.31,91,53,-5.9
0.31,-2.6,83,-5.9
0.31,-80,52,-3.1
0.31,-7.7,54,-0.2
0.31,262.1,51,6.9
0.31,12.2,84,-1.4
0.31,19.3,59,3.5
0.31,20.4,103,-1.1
0.31,-28.9,98,0.1
0.31,15,127,-3.1
0.31,55.8,50,-4.6
0.31,-3.6,66,1.2
0.31,73.5,102,-2.1
0.31,86.1,98,5
0.31,88.2,86,-4.1
0.31,-33.7,100,-1.5
0.31,-3.2,73,2.7
0.31,65.2,87,0.3
0.31,77.3,101,-2.7
0.31,-5.8,93,-2.3
0.31,-9.7,102,3.3
0.31,-34.3,47,-0.7
0.31,21.2,81,-2.5
0.31,30.9,96,-4.3
0.31,44,62,-1.3
0.31,78.5,60,-8.6
0.31,-32.5,74,-2.6
0.31,-17.4,114,-1.4
0.31,-16.5,86,2.2
0.31,44.1,78,-9.6
0.31,-24.7,98,-8.6
0.31,-38.7,110,0.5
0.309,49.5,77,-3
0.309,-25.4,80,-11.3
0.309,-27.9,103,7.6
0.309,-18.4,66,2.1
0.309,89.7,109,-1
0.309,41.7,93,2.1
0.309,-18.8,70,4.4
0.309,160.3,107,0.9
0.309,223.7,76,-10.6
0.309,25.8,92,0
0.309,-32.1,81,-3.8
0.309,124.9,73,15.8
0.309,-93.3,109,-4.1
0.309,-1.1,118,-0.2
0.309,49.4,80,1
0.309,28.1,53,3.6
0.309,11.5,86,-0.9
0.309,15.6,110,2
0.309,-101.7,93,-5.6
0.309,-19.8,75,-1
0.309,9.2,54,-2.4
0.309,-24.6,80,-1.8
0.309,-4.7,109,-7.2
0.309,-20,74,-3.3
0.309,57.7,108,-1.7
0.309,125.7,56,-2.3
0.309,22.9,92,-0.5
0.309,14.2,75,-1.9
0.309,26.3,105,1.1
0.309,13.1,88,-4.2
0.309,4.7,70,11.4
0.309,-6.6,65,0
0.309,80.6,123,0.3
0.309,25.8,95,-2.8
0.308,-15.2,52,-0.2
0.308,-13,83,-4.8
0.308,-25.7,93,2.8
0.308,-28.6,79,11.1
0.308,4.2,85,-5.1
0.308,11,70,-7
0.308,-9.7,87,1.2
0.308,45.6,71,-1.8
0.308,-3.7,121,-0.9
0.308,24.1,77,-0.8
0.308,-22.8,101,-0.9
0.308,96.6,95,-5.7
0.308,-2.7,81,-0.3
0.308,3.1,108,-6.6
0.308,62.3,87,7.5
0.308,23.9,65,-1.4
0.308,11.2,87,-0.2
0.308,2.3,118,0.8
0.308,74.6,87,-3.5
0.308,82.4,89,-6.3
0.308,26,79,5.2
0.308,6.4,72,-6.8
0.308,-1.2,64,4.8
0.308,8.5,49,8.9
0.308,-61.6,100,-6
0.308,-31,102,7
0.308,149.4,58,-5.3
0.308,-9.6,81,-4
0.308,-15.7,81,-2.3
0.308,12.9,43,10.2
0.308,-3,81,2.3
0.308,27.5,74,-0.8
0.308,-17,102,-2.6
0.308,-3.5,89,-1.6
0.308,-10.7,80,-2.7
0.308,0.2,80,-8
0.307,12.2,53,0.2
0.307,-29.5,74,-3.1
0.307,139.7,65,-5.9
0.307,-42.3,69,-1.8
0.307,38.5,66,2.7
0.307,11.5,65,-4.7
0.307,-8.5,109,-0.5
0.307,9.7,60,-2.1
0.307,-43,100,-2.3
0.307,42.3,93,-2.9
0.307,2.9,119,-10
0.307,-17.4,86,0
0.307,-15.1,100,-1.7
0.307,145.6,83,-11.8
0.307,-40.7,100,0.3
0.307,39.9,79,-4.8
0.307,23.6,62,-0.6
0.307,11.6,66,-0.6
0.307,119.1,63,-2.5
0.307,31.8,78,2.1
0.307,8.7,76,11.9
0.307,4.6,78,-0.5
0.307,21.3,67,-2.9
0.307,35.6,63,1
0.307,-58.3,87,-4
0.307,-32.8,72,-4.5
0.307,-55.6,76,-2
0.307,-13.6,58,1.7
0.307,73.5,107,1.5
0.307,10.8,82,-8.3
0.307,-27.4,77,0.5
0.307,41.1,72,-10.7
0.307,-6.6,103,-4.4
0.307,-2.7,62,0.2
0.307,-7.9,62,5.7
0.307,14.3,83,0.7
0.307,103.1,60,14.3
0.307,1.1,72,-12.1
0.307,71.2,84,-7.7
0.307,-9.7,29,-0.2
0.307,16.2,58,0.6
0.306,17.6,48,0.9
0.306,172.3,73,22.4
0.306,46.7,63,-0.1
0.306,-7.8,64,0.1
0.306,-61.6,62,-8.2
0.306,-22.3,106,0
0.306,-22.2,58,-4.3
0.306,41.3,58,-3.5
0.306,-1.5,64,0.7
0.306,4.1,92,-1.2
0.306,-0.4,62,-3.1
0.306,-25.7,102,-0.2
0.306,24,61,0.7
0.306,53.9,60,25.9
0.306,35.7,103,6.3
0.306,-3.7,81,2
0.306,62.8,90,-0.9
0.306,81.2,67,6.2
0.306,17.8,68,-0.5
0.306,-8.9,112,-2.5
0.306,-0.7,58,-0.4
0.306,11.2,76,3.2
0.306,21.8,68,-3
0.306,69.2,81,-0.7
0.306,6.1,94,-3.5
0.306,16.4,65,-0.5
0.306,55.6,98,4.8
0.306,3.4,80,1.1
0.306,5.7,59,-0.7
0.306,154.5,86,-3.7
0.306,64.1,63,17.8
0.305,0.8,93,-1.8
0.305,40.2,68,3.4
0.305,-5.5,106,-2.9
0.305,-28.7,57,-1.1
0.305,14.6,59,-0.7
0.305,9.3,120,-1.2
0.305,-13.5,86,2.7
0.305,25.6,94,1.5
0.305,25.7,64,-0.8
0.305,50.3,61,-6.6
0.305,18.5,79,-1
0.305,15,92,-2.7
0.305,87.7,78,-5.2
0.305,-70.5,88,10.9
0.305,9.4,107,-6.3
0.305,46.4,73,0.8
0.305,9.7,58,2.6
0.305,26,62,1.7
0.305,42.7,59,5.3
0.305,51.8,82,-4.5
0.305,-7.5,31,46.5
0.305,9.3,52,2
0.305,-6.4,90,0.3
0.305,375.3,51,55.2
0.305,9.2,106,1.6
0.305,-5.4,55,-2.2
0.304,14.8,49,-6.5
0.304,8.1,44,21.8
0.304,-6.2,77,3.4
0.304,9.3,44,4.1
0.304,12.1,65,4.6
0.304,-16.6,64,2.6
0.304,174.1,91,-19
0.304,12,63,2.4
0.304,28.4,89,-5.8
0.304,77.1,62,-4
0.304,-27,113,-1.6
0.304,90.4,92,-2
0.304,20.6,66,5.2
0.304,0.8,69,7.3
0.304,19,76,0.7
0.304,36.5,89,-0.4
0.304,-24,102,-6.3
0.304,-28.1,78,7.4
0.304,108.5,74,-1.9
0.304,-2.6,69,2.8
0.304,2.1,101,-1.1
0.304,-9.9,77,0.7
0.304,-16.1,53,-2.3
0.304,3.4,105,-1.2
0.304,155,87,-2.2
0.304,50.2,91,0.3
0.304,16.1,81,-2.9
0.304,-60.1,74,-0.9
0.304,5.5,50,-0.1
0.304,24.5,75,-1.2
0.304,14.1,112,-1.2
0.304,-12.9,95,3.3
0.304,16.8,52,-1
0.304,15.6,102,-1.2
0.304,10.9,117,1.9
0.304,-49.4,74,-5.6
0.303,29.5,29,-6.7
0.303,-15.7,79,2.8
0.303,-8.4,93,2.4
0.303,67.5,103,-5.4
0.303,-24.8,83,-2.3
0.303,19.4,83,0
0.303,2.7,91,0.4
0.303,18,68,9.3
0.303,33.9,58,-3.1
0.303,-27,75,36
0.303,21.9,105,-1.1
0.303,-16.6,96,-1.7
0.303,-63.5,59,77.3
0.303,-26.3,96,0.2
0.303,28.4,80,0.4
0.303,18.9,75,0.6
0.303,175,69,9.5
0.303,7.5,74,3.7
0.303,42.7,90,-3.7
0.303,-53.2,74,7.5
0.303,68.7,96,0.3
0.303,-20.9,66,3.4
0.303,136.9,55,-2.3
0.303,21.5,83,-5.8
0.303,6.9,88,0.3
0.303,1,106,-0.5
0.303,2.2,73,-3.1
0.303,82.2,47,-7.5
0.303,-13.7,58,3.6
0.302,-51,96,-8
0.302,-2.6,63,-1.5
0.302,62.4,54,-8
0.302,-38.2,94,0
0.302,27.9,47,1.2
0.302,-6.8,61,0.1
0.302,-7.1,65,-3
0.302,-9.2,63,-0.4
0.302,7.7,53,6.9
0.302,34,86,-3.2
0.302,75.3,57,-4.6
0.302,38.1,88,3.2
0.302,168.8,99,10.7
0.302,-8.9,108,-1.3
0.302,-8.5,96,2.7
0.302,-32.9,93,0
0.302,22.1,65,3.8
0.302,12.9,53,0.4
0.302,22.8,90,-2.5
0.302,10.4,67,0.2
0.302,-29.3,93,4.9
0.302,-17,69,2.2
0.302,-21.7,86,0
0.302,5.9,78,-5.1
0.302,5.5,64,-11.2
0.302,-10.6,94,-4
0.302,1.8,51,2.3
0.301,41.4,69,-6
0.301,-4.4,94,-0.7
0.301,33.9,86,-5.8
0.301,10.5,95,0.7
0.301,37.2,42,3.5
0.301,3.2,96,-2.1
0.301,-11,61,8.8
0.301,-21,72,0.2
0.301,182.5,95,2.5
0.301,-4.3,70,-5.6
0.301,-6.3,115,-5
0.301,7.5,114,-1.1
0.301,13.1,89,-0.5
0.301,9.6,84,-2.8
0.301,-21,79,-1.4
0.301,46.9,66,1.9
0.301,140.6,86,-8.5
0.301,99.8,39,41.8
0.301,5.9,64,-0.9
0.301,53.9,100,-3.2
0.301,27.8,50,9.5
0.301,31.4,73,-3.1
0.301,-10.5,75,-2.6
0.301,-31.6,72,-1.5
0.301,-13.7,50,2.5
0.301,2.9,85,-1.2
0.301,36.8,115,-1.2
0.301,88.6,96,-10.6
0.301,36.1,73,-2.4
0.301,8.4,77,-0.3
0.301,81.7,62,-16.6
0.301,34,70,-10
0.3,2.7,64,-4.8
0.3,12.5,76,-0.3
0.3,9.1,61,6.9
0.3,-39.6,113,-3.8
0.3,21.7,81,-3.9
0.3,6.7,78,0.5
0.3,-19.1,97,-0.2
0.3,155.4,69,1.8
0.3,65.5,48,0
0.3,5.3,105,-1
0.3,42.6,82,-1
0.3,45.1,98,1.4
0.3,84.4,98,-4.3
0.3,-20,66,2.9
0.3,8.8,52,-0.7
0.3,4.9,100,-1.1
0.3,-29.8,97,-6
0.3,155.1,80,-10.4
0.3,-17.9,82,15
0.3,43.6,66,-11.2
0.3,-3.8,86,-2.6
0.3,82.9,55,28.4
0.3,13.2,82,-2.3
0.3,-16.7,99,-4.4
0.299,58.5,49,-2.1
0.299,-100.3,97,1.3
0.299,24.6,63,2
0.299,-13.3,84,-2
0.299,89,76,-4.2
0.299,-25.8,81,-2.1
0.299,2.9,60,-1
0.299,21.2,44,4.9
0.299,66.9,69,-5.1
0.299,41.8,85,-2.2
0.299,52,86,-2
0.299,-20.5,83,0.6
0.299,38.2,85,-1.7
0.299,-30,81,-1.3
0.299,16.8,94,-1.9
0.299,32.6,86,0
0.299,-7.7,132,-0.2
0.299,17.6,61,9.2
0.299,4.5,87,-1
0.299,39.3,61,1
0.299,109.3,112,-1.4
0.299,-26.4,80,-2.8
0.299,-26.2,51,39.9
0.299,-17.7,65,-5.9
0.299,0.3,92,0
0.299,29.4,69,5.6
0.299,-11,79,-4.5
0.299,-2.5,73,2.6
0.299,-22.3,54,3.4
0.299,8.6,48,1.6
0.299,102,71,-1.2
0.299,-24.8,54,0.9
0.299,-18.3,80,-1.6
0.299,-1.3,103,0.8
0.299,182.8,57,-4.2
0.299,-4.3,94,2.4
0.299,-9.7,77,7.4
0.298,44.8,86,-5.9
0.298,20.9,86,-4.4
0.298,181.5,66,57.7
0.298,21.1,79,-0.2
0.298,18.6,99,-1.2
0.298,101.2,65,-8.2
0.298,-40.7,105,-1.5
0.298,165.4,66,0.7
0.298,50.3,93,15
0.298,4.2,81,-1
0.298,1.1,47,-2.5
0.298,61.3,59,-0.6
0.298,203,97,-0.9
0.298,-24.9,68,-6.5
0.298,-27,68,-8.2
0.298,30.1,103,-2.4
0.298,-18.9,74,5.1
0.298,232.2,71,-12.3
0.298,-13.3,86,-3.6
0.298,-1.4,42,0.3
0.298,40.2,78,-3.2
0.298,-23.9,66,-1.3
0.298,-25.5,76,-5.1
0.298,-21.3,129,-1.5
0.298,15.5,83,-3.9
0.297,27.7,61,-1.5
0.297,24.4,57,0.9
0.297,-5.4,61,3.8
0.297,23.5,78,-3.3
0.297,24.1,98,13.9
0.297,124.8,131,-2.6
0.297,68.1,65,-3.3
0.297,0.2,61,18
0.297,7.8,57,7.6
0.297,12.4,103,3.5
0.297,1.4,46,-8.7
0.297,0.3,47,23.4
0.297,31.6,50,-5.2
0.297,11.2,50,0.4
0.297,-9.4,63,3.8
0.297,-44.3,95,1.8
0.297,-26.1,67,-0.7
0.297,-15.9,45,-3.4
0.297,8.8,47,-6.8
0.297,16.4,48,3.8
0.297,47.8,88,-7.4
0.297,15,53,1.4
0.297,47.6,110,-2.1
0.297,-14,50,4
0.297,12.6,46,-0.7
0.297,-30.9,62,-0.3
0.297,18.6,82,-3.6
0.297,14.4,44,-0.1
0.297,76.3,55,-4.8
0.297,-20.4,97,2.4
0.297,122.4,70,-1.6
0.297,7.4,65,-0.5
0.297,11.7,63,0
0.297,12.5,75,-3.3
0.297,-37.8,52,23
0.297,29.2,111,-5.3
0.296,116.2,80,2.9
0.296,12.9,72,-0.3
0.296,4.5,85,-0.4
0.296,59.3,47,3.2
0.296,-6.3,64,0.8
0.296,68.2,55,8.6
0.296,38.7,64,-0.1
0.296,-8.5,62,-1
0.296,47.6,71,-3.2
0.296,49.1,72,-6.6
0.296,87.7,92,-5.4
0.296,-12.2,71,-0.2
0.296,5.6,43,-7.1
0.296,-26.7,63,-2.3
0.296,-15.3,65,0.8
0.296,73.7,47,-4.2
0.296,28.3,75,-1.9
0.296,47.7,49,-12.6
0.296,302.7,61,53.1
0.296,36.6,86,-0.3
0.296,6.8,71,-1.6
0.296,-22.9,110,-0.4
0.296,31,52,25
0.296,-2.8,72,0.6
0.296,52,58,5.1
0.296,4.3,72,-0.6
0.296,87,94,-5.4
0.296,64.7,73,-9.3
0.296,39.7,46,3
0.296,-5.9,39,20.8
0.296,55.7,101,-3
0.296,-6.2,86,0.8
0.295,-16.3,68,-2.4
0.295,1.8,68,-1.8
0.295,99,90,-4.3
0.295,-12.2,55,-1.6
0.295,8.4,73,-3.8
0.295,5.2,51,1.6
0.295,27,60,2
0.295,134.3,76,-2.8
0.295,-61.8,59,-9.4
0.295,26.7,35,1.1
0.295,-9.5,113,0.6
0.295,20.3,84,-3.8
0.295,92.9,84,-1
0.295,32.8,78,-1.8
0.295,-9.9,80,5.3
0.295,-2.5,66,0.4
0.295,5.9,62,0
0.295,2.3,64,-0.6
0.295,32.6,52,6.6
0.295,13.6,59,2
0.295,-22.1,106,-0.4
0.295,-11.7,80,5.7
0.295,35.1,104,0.9
0.295,32.7,76,-2.4
0.295,31.7,79,-1.4
0.294,-9.3,78,-1.8
0.294,55.2,58,1.1
0.294,-8.2,36,-16.5
0.294,-6.9,59,-1.9
0.294,21,72,1.1
0.294,13,64,-0.5
0.294,18.1,93,0.3
0.294,36.6,88,-4.6
0.294,2.6,52,0.1
0.294,5.8,63,1.5
0.294,112,62,-7
0.294,9.4,51,-6.5
0.294,32.1,73,-7.7
0.294,10.4,37,-1.9
0.294,5.4,45,1.3
0.294,62.8,87,-1.9
0.294,15.6,90,-1.1
0.294,10.4,65,-5.5
0.294,3.5,76,1
0.294,9,60,-0.7
0.294,83.9,86,-4.2
0.293,-0.2,79,-0.2
0.293,38.2,96,-0.5
0.293,200.5,79,-0.7
0.293,-13.1,74,-0.4
0.293,49.1,66,0.8
0.293,3.2,55,-1.9
0.293,-1.4,88,1.3
0.293,8.8,71,-0.5
0.293,9.1,74,-2.5
0.293,-21.5,47,3.6
0.293,-4.5,56,-5.7
0.293,78.7,92,2.5
0.293,46.6,63,-2.7
0.293,-2.3,58,-1.9
0.293,39,72,-2
0.293,29.6,63,0.8
0.293,115.7,78,-3.4
0.293,-24.1,58,2.4
0.293,25.1,59,-2.1
0.293,22.9,67,-1.2
0.293,51.6,78,5.4
0.293,76.4,86,-6.3
0.293,-9.4,86,-1.2
0.293,-12.5,79,-0.6
0.293,134.6,103,-3.8
0.293,-10.4,72,-3.2
0.293,-17.8,102,-4.6
0.293,-2.7,38,18.3
0.293,4.9,81,2.6
0.293,-20.4,65,0.7
0.293,11.2,69,-1.1
0.293,6,95,-0.4
0.293,-19.9,44,-2.3
0.293,1.3,84,-0.4
0.293,-6,87,0.3
0.292,104.4,51,3.1
0.292,-39.3,56,-3.5
0.292,-17.8,75,0.2
0.292,39.2,90,-0.7
0.292,-0.7,70,1.5
0.292,64.1,85,0.3
0.292,52.2,96,-2.3
0.292,20.6,45,0.7
0.292,12.1,72,26.2
0.292,98,68,-6.2
0.292,68.1,74,-8.1
0.292,-46.4,83,-7.9
0.292,-20,84,-9.1
0.292,88.2,66,-8.6
0.292,-9.9,64,-4.6
0.292,2.9,79,-1.4
0.292,27.8,79,0.7
0.292,-0.4,85,8.5
0.292,32,89,5.4
0.292,-44.1,71,-2.2
0.292,-19.3,58,-4.8
0.292,-9,68,-0.6
0.292,52,48,1.4
0.292,-20.3,68,2.3
0.292,-8.4,64,-2.6
0.292,-23.4,61,-8.6
0.292,-13.9,81,5.4
0.292,10.8,79,-2.5
0.292,-0.6,51,-7.6
0.292,-14.1,76,-2.9
0.292,37.7,33,18.7
0.292,-7.5,45,-1.2
0.292,210.6,55,-2
0.292,-2.1,55,-0.5
0.292,14.7,60,-0.9
0.292,-22.5,96,-1.4
0.291,17.6,79,-0.9
0.291,68.2,48,-4.5
0.291,9.1,34,-2.5
0.291,22.9,79,-2.2
0.291,18,77,4.8
0.291,47.1,70,-3.7
0.291,25.4,73,2
0.291,-20.6,80,-2
0.291,74.7,62,17.3
0.291,-32.3,78,-2.2
0.291,105.1,66,28.5
0.291,31.6,39,-1.2
0.291,166,60,7.8
0.291,54.7,78,-6.5
0.291,-3.8,65,-0.9
0.291,93.3,61,-4.2
0.291,32,56,-2
0.291,94,76,-5.2
0.291,32.5,61,-2.6
0.291,22.9,121,-3.6
0.291,-11.8,72,-1.5
0.291,-34.9,61,-1.6
0.291,11.1,66,-2.5
0.29,78,47,-0.9
0.29,-14.2,134,-1.8
0.29,-31.9,112,-0.9
0.29,3.2,79,-5.6
0.29,116.3,61,2.1
0.29,-14.9,93,-1.6
0.29,-0.9,68,1.7
0.29,88.4,46,38.1
0.29,-17.2,118,0.7
0.29,-7.5,96,-1
0.29,2.6,84,-0.4
0.29,0.8,85,-1.1
0.29,-1.7,70,0
0.29,8.9,79,-2.7
0.29,-28.3,61,-2.8
0.29,-15.1,55,0.2
0.29,-42.9,54,-1.7
0.29,21.7,95,-2.2
0.29,13.3,77,-1.2
0.29,-23.6,54,-1.9
0.29,-22.3,93,2.8
0.29,4.5,69,-4
0.289,33.9,69,-4.3
0.289,44.1,67,-0.9
0.289,36.5,42,-1.4
0.289,-13.4,80,1.1
0.289,32,63,3
0.289,34.1,47,4.2
0.289,-11.1,47,7
0.289,-29.6,69,0
0.289,8.4,79,-1
0.289,-5.2,74,-2.7
0.289,24.7,25,2.5
0.289,-18,77,-1.9
0.289,-5.4,60,3.9
0.289,25.5,63,4.7
0.289,10.2,65,-5.2
0.289,115.5,42,4.6
0.289,3.1,60,-0.1
0.289,100.2,92,-2.9
0.289,13.7,41,7.4
0.289,18.5,85,-2.1
0.289,-1.4,76,-1.3
0.289,19.1,45,-3
0.289,-2.7,52,11.2
0.289,-64,66,-4.1
0.289,-12.1,39,17.1
0.289,-16.9,82,-1.6
0.289,-12.5,58,15.3
0.288,58.3,57,-0.4
0.288,-41,84,-0.2
0.288,6.3,88,-2.6
0.288,85.5,55,-6
0.288,63.5,70,-2.6
0.288,9.4,61,1.9
0.288,-29.7,67,-0.2
0.288,27.3,61,-0.2
0.288,-2.9,51,-2.9
0.288,-1.5,55,10.8
0.288,31.2,62,-2.2
0.288,47.8,114,-0.1
0.288,-41.9,73,-5.1
0.288,0.9,67,-1.9
0.288,9.6,52,-0.2
0.288,47,85,-2.5
0.288,11.1,80,0
0.288,87.4,89,-1
0.288,11.5,55,1.5
0.288,-15.8,62,-2.4
0.288,-21.7,64,5.6
0.288,-16.5,85,-7.9
0.288,10.3,42,-1.8
0.288,39.6,60,-6.4
0.288,19.7,42,-1.1
0.288,13.5,47,-2.7
0.288,29.1,68,-4.9
0.288,19.4,61,-4.6
0.288,-24.3,90,-2.1
0.288,5.1,108,-0.4
0.288,15.1,79,0.1
0.287,41.1,59,-0.8
0.287,8.6,45,-2.2
0.287,1.2,55,-1.5
0.287,-16.7,81,0.2
0.287,5,71,-0.5
0.287,-9,81,-4
0.287,12,99,-2.6
0.287,22.3,45,-3.3
0.287,75.1,49,-9.2
0.287,109.3,61,6.1
0.287,-7.5,38,0.8
0.287,23.9,93,3
0.287,16,61,2.9
0.287,39.4,40,2.1
0.287,6,48,3.6
0.287,15.5,60,-2.8
0.287,4.5,65,-3.5
0.287,0.1,40,-2.2
0.287,-24.7,38,-1.7
0.287,30.9,79,-0.9
0.287,50.5,58,-5.4
0.287,7.9,48,-2.4
0.287,64.5,51,-2.6
0.287,19.3,50,-3
0.287,59.6,47,-2.4
0.286,3.4,99,-2.8
0.286,40.3,76,-6
0.286,12.3,50,1.5
0.286,60.2,54,31.3
0.286,-2.6,91,2.7
0.286,-24.7,77,-2.3
0.286,30.4,61,-2.9
0.286,29.1,82,0.3
0.286,29.7,48,-0.9
0.286,-13.8,58,11.1
0.286,39.7,53,-2.4
0.286,19.2,73,-2
0.286,2.3,72,-3.2
0.286,28.9,63,-2.4
0.286,6.2,63,0.3
0.286,6.6,49,0
0.286,197,40,-3.2
0.285,99.6,50,-6.3
0.285,10.1,78,-4.2
0.285,3.9,65,-8.5
0.285,17.2,56,-0.6
0.285,8.4,57,-3.4
0.285,54.1,46,10.4
0.285,-4.3,66,-0.6
0.285,66.1,92,-2.8
0.285,13.8,31,5.2
0.285,14.4,66,4.4
0.285,57.9,53,-2.8
0.285,24.1,58,6.7
0.285,18.5,90,0.7
0.285,13,65,-4.5
0.285,43.6,71,-0.1
0.284,-0.9,88,-1.7
0.284,-4.3,83,-2.4
0.284,9.8,88,1.5
0.284,7.3,80,7.8
0.284,88.6,67,-4.2
0.284,14.7,51,-1.5
0.284,59,54,-7.5
0.284,15.2,68,-7.1
0.284,36.8,55,-1.2
0.284,43.2,74,-0.3
0.284,82.5,53,1.8
0.284,49.6,49,-2.6
0.284,141.9,60,-7.2
0.284,1.6,61,4.6
0.284,20.7,77,-5.3
0.284,-5.9,57,-2.1
0.283,121.4,54,-9.6
0.283,38.1,59,-1.2
0.283,66.7,71,-1.1
0.283,8.7,78,6.3
0.283,0.6,55,10.1
0.283,17.1,40,-0.1
0.283,19,69,-3.6
0.283,5.9,60,-1
0.283,102,86,-4.4
0.283,12.3,56,2.2
0.283,-2.2,54,13.2
0.283,37.2,49,4.1
0.283,27.9,59,2.7
0.283,-1.7,97,-1.8
0.283,91.5,76,-2
0.283,10.5,59,3.1
0.283,85.4,47,-6
0.283,29.3,47,1.9
0.283,15.2,45,-0.5
0.283,11.8,47,-0.4
0.283,10.9,35,1.5
0.282,49.9,75,-4.5
0.282,-7.8,71,-0.8
0.282,-4.5,70,0.9
0.282,29,112,-0.9
0.282,-5.7,44,6.4
0.282,9.4,53,-1.2
0.282,130,92,-3.5
0.282,-4,47,19.1
0.282,29.9,44,0.1
0.282,156.6,49,24.6
0.282,16.4,66,-5.6
0.282,108.5,63,3.3
0.282,-21.3,77,-0.9
0.282,11.6,67,-3.7
0.282,43.5,75,1
0.282,46.9,87,-0.4
0.282,6.7,102,-0.7
0.281,15.6,69,0.2
0.281,87.5,56,13.4
0.281,-1.9,54,-2.5
0.281,30,62,-1.7
0.281,97.1,46,-2.9
0.281,2.5,72,-0.6
0.281,-1.2,70,1.4
0.281,13.7,84,0
0.281,-24,63,-3.3
0.281,41.6,57,-2.5
0.281,4.5,51,-0.7
0.281,-20.7,42,7.7
0.281,42.6,66,-2.7
0.281,-12.7,91,-2.1
0.281,42.1,52,-4.4
0.281,-14.8,64,-5.6
0.281,1.6,74,0.2
0.28,-4.1,54,0.3
0.28,-2.9,57,0.4
0.28,18.2,69,-4.2
0.28,45.1,46,-1.3
0.28,60.8,64,-3.2
0.28,147.8,82,-3.3
0.28,-3,55,-0.2
0.28,2.6,54,-2.1
0.28,46.8,62,0
0.28,3,46,1.2
0.28,34.5,74,-0.8
0.28,13.9,64,1.5
0.28,21.6,51,-2.3
0.28,2.8,61,-4
0.28,-0.1,41,0.2
0.28,59.5,62,-3
0.28,-2.2,90,-2
0.279,8.5,77,0.9
0.279,-13.9,109,-2.6
0.279,26.7,53,-6.7
0.279,15.7,35,0.8
0.279,-31.5,77,-0.2
0.279,12,97,5.1
0.279,25.1,61,3.6
0.279,-13.6,53,0.5
0.279,-2,91,0.2
0.279,14.4,38,-6
0.279,15,94,-1
0.279,34.4,47,3.9
0.279,17.5,31,-3.7
0.279,15.6,52,-1.3
0.279,19.5,78,-1.6
0.279,18.9,54,0.9
0.279,14.1,87,1.8
0.278,47.6,51,-2.3
0.278,-11.4,48,-4.5
0.278,26.9,43,-2.9
0.278,15.9,45,2.6
0.278,109.7,64,-4.8
0.278,16.4,37,4.6
0.278,10.9,37,9.3
0.278,-10.7,54,7.6
0.278,46,61,-2.5
0.278,39.4,70,-0.1
0.278,-12.5,57,-1.9
0.278,44.1,81,-3.1
0.278,203.3,51,-11.4
0.277,10.4,50,-1.7
0.277,55.4,73,-2.2
0.277,7.2,86,0.3
0.277,28.2,80,-1.5
0.277,-8.1,48,-4.5
0.276,81.4,54,-3.6
0.276,21.1,46,-1.6
0.276,16.2,44,3.9
0.276,17.7,62,-2.2
0.276,6.5,78,0.6
0.276,48.1,65,-1.8
0.276,16.4,101,-3.1
0.276,-2.4,60,2.6
0.276,51.6,83,-0.9
0.276,11.7,57,-2
0.275,55.3,70,-1.6
0.275,-9.8,41,-2.8
0.275,-6.7,77,-2.4
0.275,14.7,60,-2.2
0.275,21,61,-1.9
0.275,-32.9,54,-6
0.275,-2.4,58,-1.5
0.275,15.4,55,-1.3
0.275,17.4,47,-5.1
0.275,-34.2,40,-2.6
0.274,27.8,43,-2.3
0.274,29.4,54,-2.1
0.274,68.5,55,32.3
0.274,12.5,70,-0.3
0.274,2.2,50,-2.9
0.274,-18.7,76,-0.3
0.274,12.7,86,-0.7
0.274,62.6,54,-5.8
0.273,43.3,47,-0.8
0.273,65.9,97,0.4
0.273,25.3,68,0
0.273,9.8,45,1.2
0.273,68.6,53,0.6
0.273,44.9,70,-1.8
0.273,97.5,84,-1.1
0.273,-12.1,53,-3.9
0.273,85,38,2.6
0.273,42,45,0.6
0.272,-2.1,95,0.8
0.272,85.4,52,1.1
0.272,11.6,42,1.5
0.272,105.3,42,-2.5
0.272,96.8,67,-1.2
0.272,51.1,47,3.5
0.272,28.8,63,-0.4
0.272,23.5,95,-1
0.272,34.8,67,-1.8
0.272,64.7,51,0.4
0.272,7.6,45,-2.7
0.272,0.1,92,-1.6
0.272,3.5,51,1.5
0.272,345.6,43,6.4
0.271,-17.4,46,-1.9
0.271,51.9,81,-1.1
0.271,70.5,52,-16
0.271,99.2,71,2.6
0.271,218.6,61,-0.5
0.271,-5.9,49,-0.7
0.271,64.1,68,-2.5
0.27,20.2,42,1.2
0.27,20,44,-0.4
0.27,1.1,59,3
0.27,57.6,48,-3.7
0.27,71.7,56,-4.4
0.27,-54.7,64,-0.8
0.27,25.1,69,1.9
0.27,137.7,48,-4.1
0.27,1,62,-2.3
0.27,47.4,47,-2.1
0.269,19.5,45,1.1
0.269,22.2,51,-3.1
0.269,5.7,71,-0.6
0.269,34.8,50,4.1
0.269,4.1,59,0.3
0.269,15.1,38,0
0.269,45.7,78,-4.9
0.268,-6.4,65,-2.8
0.268,29.7,30,-4.7
0.268,-12,58,-3.4
0.268,9.9,33,0.5
0.268,18.7,44,-1.5
0.268,-14.4,79,-0.9
0.268,-9.6,37,-1
0.268,-11.4,46,5
0.268,15.8,64,-2.1
0.268,40.7,56,0.8
0.268,18.1,45,-2.9
0.268,9.8,59,-2.6
0.267,11.5,63,-0.3
0.267,-4.4,38,1.4
0.267,31.8,51,-2.8
0.267,4.3,33,-0.4
0.267,13.2,29,-0.2
0.267,1.2,74,-0.6
0.267,70.6,59,-6
0.267,63.2,35,16.9
0.267,18.7,62,-2.8
0.267,16.3,56,-0.8
0.267,29,72,-0.6
0.266,43.9,46,-1.5
0.266,2.6,42,-6.8
0.265,20.5,52,-2.6
0.265,13,44,-1.2
0.265,14.6,56,-0.3
0.265,23.5,45,-1.3
0.264,183.3,60,-5.5
0.264,23.3,79,-0.5
0.264,5.8,48,-2.3
0.264,-2.8,67,-0.4
0.264,101.1,41,-0.2
0.264,63,57,-2.4
0.264,9.5,84,-2.6
0.264,129.9,57,0.6
0.264,-1.4,39,-0.3
0.264,19.3,62,0
0.263,-2.3,52,-0.7
0.263,6.3,66,0.1
0.263,35.4,60,-2.6
0.263,51.3,63,-1.1
0.263,16.6,41,2.2
0.263,49,71,-0.1
0.262,17.9,38,-2.2
0.262,17.1,50,-1.2
0.262,38.8,50,-1
0.262,-6.1,62,2.6
0.262,-4.5,79,0.4
0.262,26.6,60,-3.5
0.261,-8.3,57,-1.5
0.261,35.2,39,-2
0.261,104.2,41,-0.5
0.261,117.3,40,-5
0.261,16.9,40,-0.7
0.261,23,77,-1.6
0.261,0.5,78,-3.6
0.261,57.1,61,-1.9
0.261,46.8,83,-7.7
0.261,33.3,48,-1.4
0.26,-2.2,45,-0.9
0.26,13.7,50,-2.3
0.26,7.2,44,1.4
0.26,14.4,48,-1.1
0.259,70.7,52,0.6
0.258,22.9,48,-1.8
0.258,-7.9,54,-1.6
0.257,19.5,36,13.8
0.257,-11.5,54,-1.2
0.257,49,48,-0.8
0.256,-1,47,0.6
0.256,-0.3,48,1
0.256,61.1,38,-2.4
0.256,29,47,-1.5
0.256,26.2,58,1.1
0.256,-8.8,65,-0.1
0.255,128.2,34,-1.5
0.255,95.5,89,0
0.255,67.7,65,0.5
0.255,64.3,73,-2.5
0.254,50.8,44,-4.6
0.254,-4,75,-0.2
0.253,72.6,39,-0.2
0.252,37.4,43,3.3
0.252,12.5,36,0.3
0.251,-9.3,34,-1.7
0.251,36.5,79,-0.9
0.25,-10,40,-0.1
0.25,6.8,59,-2.3
0.249,46.1,64,-1.8
0.249,87.8,86,0.2
0.249,18.6,61,-2.4
0.248,7.1,54,-2.3
0.248,16.7,45,-3.6
0.248,-21.8,35,1.3
0.247,109.7,74,-0.9
0.247,-3.2,73,0
0.247,24.2,46,-0.6
0.246,5.1,30,-4.4
0.246,65.7,53,-0.3
0.246,74.5,30,-0.8
0.246,20,34,0.2
0.245,71,55,-0.5
0.245,-11.9,52,-0.4
0.244,-13,45,-2.6
0.243,136.2,67,-2.6
0.243,84.9,30,0.7
0.242,8.4,49,-0.2
0.242,23.5,33,-1.9
0.242,7.6,60,-1.2
0.241,66.3,70,-0.1
0.241,73.1,28,1.1
0.24,77.3,37,0.2
0.239,34.9,41,-1.2
0.238,146.7,65,0.5
0.238,97.8,37,-0.9
0.238,2.6,40,-0.8
0.237,82.5,65,-0.2
0.237,69,36,1.1
0.237,47.7,60,-1.3
0.236,97.2,77,-0.5
0.235,4.4,47,-1.3
0.235,75.6,28,-0.2
0.234,18.5,22,-7.2
0.233,32.6,26,-0.3
0.232,32.5,37,-0.5
0.231,79.1,42,0.3
0.23,119.3,45,-0.2
0.228,68.3,75,0.1
0.226,102.2,63,0.9
0.224,77.2,70,0
0.222,75.9,33,-0.3
0.222,89,20,0.4
0.222,69.9,29,0.6
0.221,127.1,40,0.8
0.22,145.2,47,-0.2
0.219,83.8,32,0.2
0.215,79.7,32,0.3
0.214,64.1,43,-0.1
0.214,169.1,16,-0.1
0.214,81.6,49,0.8
0.213,89.6,48,0.3
0.213,64.1,25,1.9
0.208,81.1,48,-0.9
0.208,81.5,14,-0.1
0.207,74.8,71,-0.2
0.206,102.4,47,-0.8
0.205,93,30,-0.1
0.205,117.3,45,1
0.205,118.7,33,-0.4
0.203,67.1,38,0.8
0.202,103.6,46,-0.5
0.2,66.6,28,1.1
0.198,93.7,23,0.3
0.195,72.7,30,-0.1
0.195,95.4,21,-0.6
0.194,108,39,-1.4
0.193,91.8,18,0.4
0.192,85.9,39,0.1
0.188,64.1,15,0.6
0.186,67.6,27,-0.1
0.184,89.2,29,-0.3
0.181,99.3,30,-1.3
0.18,130.2,35,-0.2
0.18,104.1,30,-0.5
0.179,185.6,23,0.7
0.178,76.2,19,-0.1
0.177,87.5,27,-0.4
0.175,93.7,26,0.3
0.175,76.2,24,0.2
0.174,69,9,-0.5
0.174,74.2,9,0.1
0.172,62.4,29,-0.5
0.169,83.2,11,-0.5
0.163,86.8,54,0.4
0.162,117.1,10,0.4
0.146,91.1,26,0.1
0.139,79.1,18,0.3
0.138,94.2,15,0.3
